id;fecha;valor;variacion;fuente;created_at
1;20251226;1605.73;3.27;;2026-01-05 08:23:29
2;20251223;1554.83;0.39;;2026-01-05 08:23:29
3;20251222;1548.78;-1.05;;2026-01-05 08:23:29
4;20251201;1551.63;-0.01;;2026-01-05 08:23:29
5;20251230;2082.26;5.75;;2026-01-05 08:23:29
6;20251229;1969.02;22.62;;2026-01-05 08:23:29
7;20241230;119380.66;3.72;;2026-01-05 08:23:29
8;20221230;20947.68;8.74;;2026-01-05 08:23:29
9;20251219;1565.28;5.01;archivo_dat;2026-01-05 08:23:29
10;20251218;1490.59;2.76;archivo_dat;2026-01-05 08:23:29
11;20251217;1450.57;-0.28;archivo_dat;2026-01-05 08:23:29
12;20251216;1454.66;-0.03;archivo_dat;2026-01-05 08:23:29
13;20251215;1455.03;-1.23;archivo_dat;2026-01-05 08:23:29
14;20251212;1473.17;-1.08;archivo_dat;2026-01-05 08:23:29
15;20251211;1489.3;-0.66;archivo_dat;2026-01-05 08:23:29
16;20251210;1499.25;0.78;archivo_dat;2026-01-05 08:23:29
17;20251209;1487.6;-2.08;archivo_dat;2026-01-05 08:23:29
18;20251205;1519.15;-1.06;archivo_dat;2026-01-05 08:23:29
19;20251204;1535.43;-1.06;archivo_dat;2026-01-05 08:23:29
20;20251203;1551.92;2.13;archivo_dat;2026-01-05 08:23:29
21;20251202;1519.61;-2.06;archivo_dat;2026-01-05 08:23:29
22;20251128;1551.78;-0.79;archivo_dat;2026-01-05 08:23:29
23;20251127;1564.09;0.88;archivo_dat;2026-01-05 08:23:29
24;20220601;6079.48;-0.3;archivo_dat;2026-01-05 08:23:29
25;20220602;6063.89;-0.26;archivo_dat;2026-01-05 08:23:29
26;20220603;6198.09;2.21;archivo_dat;2026-01-05 08:23:29
27;20220606;6205.87;0.13;archivo_dat;2026-01-05 08:23:29
28;20220607;6274.97;1.11;archivo_dat;2026-01-05 08:23:29
29;20220608;6136.89;-2.2;archivo_dat;2026-01-05 08:23:29
30;20220609;6125.18;-0.19;archivo_dat;2026-01-05 08:23:29
31;20220610;6219.4;1.54;archivo_dat;2026-01-05 08:23:29
32;20220614;6246.05;0.43;archivo_dat;2026-01-05 08:23:29
33;20220615;6179.86;-1.06;archivo_dat;2026-01-05 08:23:29
34;20220616;6223.55;0.71;archivo_dat;2026-01-05 08:23:29
35;20220617;6355.31;2.12;archivo_dat;2026-01-05 08:23:29
36;20220621;6395.1;0.63;archivo_dat;2026-01-05 08:23:29
37;20220622;6584.35;2.96;archivo_dat;2026-01-05 08:23:29
38;20220623;6815.8;3.52;archivo_dat;2026-01-05 08:23:29
39;20220627;6787.86;-0.41;archivo_dat;2026-01-05 08:23:29
40;20220628;6662.39;-1.85;archivo_dat;2026-01-05 08:23:29
41;20220629;6704.77;0.64;archivo_dat;2026-01-05 08:23:29
42;20220630;6614.9;-1.34;archivo_dat;2026-01-05 08:23:29
43;20220701;6573.15;-0.63;archivo_dat;2026-01-05 08:23:29
44;20220705;6624.03;0.77;archivo_dat;2026-01-05 08:23:29
45;20220706;6624.03;0.77;archivo_dat;2026-01-05 08:23:29
46;20220707;6542.83;-1.23;archivo_dat;2026-01-05 08:23:29
47;20220708;6601.03;0.89;archivo_dat;2026-01-05 08:23:29
48;20220711;6671.09;1.06;archivo_dat;2026-01-05 08:23:29
49;20220712;6751.81;1.21;archivo_dat;2026-01-05 08:23:29
50;20220713;6771.28;0.29;archivo_dat;2026-01-05 08:23:29
51;20220714;6841.33;1.03;archivo_dat;2026-01-05 08:23:29
52;20220715;6996.97;2.27;archivo_dat;2026-01-05 08:23:29
53;20220718;7422.07;6.08;archivo_dat;2026-01-05 08:23:29
54;20220719;7445.5;0.32;archivo_dat;2026-01-05 08:23:29
55;20220720;7483.9;0.52;archivo_dat;2026-01-05 08:23:29
56;20220721;7622.53;1.85;archivo_dat;2026-01-05 08:23:29
57;20220722;7609.45;-0.17;archivo_dat;2026-01-05 08:23:29
58;20220725;7543.33;-0.87;archivo_dat;2026-01-05 08:23:29
59;20220726;7519.17;-0.32;archivo_dat;2026-01-05 08:23:29
60;20220727;7520.39;0.02;archivo_dat;2026-01-05 08:23:29
61;20220728;7436.54;-1.11;archivo_dat;2026-01-05 08:23:29
62;20220729;7381.94;-0.73;archivo_dat;2026-01-05 08:23:29
63;20220801;7379.47;-0.03;archivo_dat;2026-01-05 08:23:29
64;20220802;7335.06;-0.6;archivo_dat;2026-01-05 08:23:29
65;20220803;7119.6;-2.94;archivo_dat;2026-01-05 08:23:29
66;20220804;7135.28;0.22;archivo_dat;2026-01-05 08:23:29
67;20220805;7208.28;1.02;archivo_dat;2026-01-05 08:23:29
68;20220808;7243.33;0.49;archivo_dat;2026-01-05 08:23:29
69;20220809;7261.15;0.25;archivo_dat;2026-01-05 08:23:29
70;20220810;7290.12;0.4;archivo_dat;2026-01-05 08:23:29
71;20220811;7281.07;-0.12;archivo_dat;2026-01-05 08:23:29
72;20220812;7397.45;1.6;archivo_dat;2026-01-05 08:23:29
73;20220816;7346.07;-0.69;archivo_dat;2026-01-05 08:23:29
74;20220817;7216.0;-1.77;archivo_dat;2026-01-05 08:23:29
75;20220818;7384.97;2.34;archivo_dat;2026-01-05 08:23:29
76;20220819;7436.84;0.7;archivo_dat;2026-01-05 08:23:29
77;20220822;7473.49;0.49;archivo_dat;2026-01-05 08:23:29
78;20220823;7606.14;1.77;archivo_dat;2026-01-05 08:23:29
79;20220824;8490.53;11.63;archivo_dat;2026-01-05 08:23:29
80;20220825;9555.2;12.54;archivo_dat;2026-01-05 08:23:29
81;20220826;9701.14;1.53;archivo_dat;2026-01-05 08:23:29
82;20220829;9304.64;-4.09;archivo_dat;2026-01-05 08:23:29
83;20220830;9324.64;0.21;archivo_dat;2026-01-05 08:23:29
84;20220831;9319.51;-0.06;archivo_dat;2026-01-05 08:23:29
85;20220901;9294.51;-0.27;archivo_dat;2026-01-05 08:23:29
86;20220902;9253.06;-0.45;archivo_dat;2026-01-05 08:23:29
87;20220905;9047.3;-2.22;archivo_dat;2026-01-05 08:23:29
88;20220906;8982.34;-0.72;archivo_dat;2026-01-05 08:23:29
89;20220907;8953.47;-0.32;archivo_dat;2026-01-05 08:23:29
90;20220908;8856.25;-1.09;archivo_dat;2026-01-05 08:23:29
91;20220909;8727.34;-1.46;archivo_dat;2026-01-05 08:23:29
92;20220912;8599.53;-1.46;archivo_dat;2026-01-05 08:23:29
93;20220913;8517.34;-0.96;archivo_dat;2026-01-05 08:23:29
94;20220914;8543.44;0.31;archivo_dat;2026-01-05 08:23:29
95;20220915;8600.63;0.67;archivo_dat;2026-01-05 08:23:29
96;20220916;8622.11;0.25;archivo_dat;2026-01-05 08:23:29
97;20220919;8734.83;1.31;archivo_dat;2026-01-05 08:23:29
98;20220920;8734.56;0.0;archivo_dat;2026-01-05 08:23:29
99;20220921;8688.99;-0.52;archivo_dat;2026-01-05 08:23:29
100;20220922;8602.77;-0.99;archivo_dat;2026-01-05 08:23:29
101;20220923;8815.84;2.48;archivo_dat;2026-01-05 08:23:29
102;20220926;8795.59;-0.23;archivo_dat;2026-01-05 08:23:29
103;20220927;8589.65;-2.34;archivo_dat;2026-01-05 08:23:29
104;20220928;8621.65;0.37;archivo_dat;2026-01-05 08:23:29
105;20220929;8698.96;0.9;archivo_dat;2026-01-05 08:23:29
106;20220930;8680.79;-0.21;archivo_dat;2026-01-05 08:23:29
107;20221003;8689.58;0.1;archivo_dat;2026-01-05 08:23:29
108;20221004;8625.28;-0.74;archivo_dat;2026-01-05 08:23:29
109;20221005;8648.35;0.27;archivo_dat;2026-01-05 08:23:29
110;20221006;8518.12;-1.51;archivo_dat;2026-01-05 08:23:29
111;20221007;8935.03;4.89;archivo_dat;2026-01-05 08:23:29
112;20221010;9284.47;3.91;archivo_dat;2026-01-05 08:23:29
113;20221011;9424.83;1.51;archivo_dat;2026-01-05 08:23:29
114;20221013;9378.74;-0.49;archivo_dat;2026-01-05 08:23:29
115;20221014;9267.72;-1.18;archivo_dat;2026-01-05 08:23:29
116;20221017;9240.91;-0.29;archivo_dat;2026-01-05 08:23:29
117;20221018;8969.9;-2.93;archivo_dat;2026-01-05 08:23:29
118;20221019;8889.7;-0.89;archivo_dat;2026-01-05 08:23:29
119;20221020;8866.75;-0.26;archivo_dat;2026-01-05 08:23:29
120;20221021;8843.17;-0.27;archivo_dat;2026-01-05 08:23:29
121;20221025;8883.6;0.46;archivo_dat;2026-01-05 08:23:29
122;20221026;8955.99;0.81;archivo_dat;2026-01-05 08:23:29
123;20221027;9170.69;2.4;archivo_dat;2026-01-05 08:23:29
124;20221028;9101.52;-0.75;archivo_dat;2026-01-05 08:23:29
125;20221101;8806.66;-3.24;archivo_dat;2026-01-05 08:23:29
126;20221102;8972.3;1.88;archivo_dat;2026-01-05 08:23:29
127;20221103;8980.36;0.09;archivo_dat;2026-01-05 08:23:29
128;20221104;9068.13;0.98;archivo_dat;2026-01-05 08:23:29
129;20221107;9129.94;0.68;archivo_dat;2026-01-05 08:23:29
130;20221108;9179.7;0.55;archivo_dat;2026-01-05 08:23:29
131;20221109;9281.77;1.11;archivo_dat;2026-01-05 08:23:29
132;20221110;9394.72;1.22;archivo_dat;2026-01-05 08:23:29
133;20221111;10175.85;8.31;archivo_dat;2026-01-05 08:23:29
134;20221114;10545.88;3.64;archivo_dat;2026-01-05 08:23:29
135;20221115;10647.05;0.96;archivo_dat;2026-01-05 08:23:29
136;20221116;10810.86;1.54;archivo_dat;2026-01-05 08:23:29
137;20221117;11026.71;2.0;archivo_dat;2026-01-05 08:23:29
138;20221118;11137.53;1.01;archivo_dat;2026-01-05 08:23:29
139;20221122;12144.51;9.04;archivo_dat;2026-01-05 08:23:29
140;20221123;12581.21;3.6;archivo_dat;2026-01-05 08:23:29
141;20221124;12944.63;2.89;archivo_dat;2026-01-05 08:23:29
142;20221125;13310.51;2.83;archivo_dat;2026-01-05 08:23:29
143;20221128;13808.47;3.74;archivo_dat;2026-01-05 08:23:29
144;20221129;14152.46;2.49;archivo_dat;2026-01-05 08:23:29
145;20221130;14696.26;3.84;archivo_dat;2026-01-05 08:23:29
146;20221201;15188.3;3.35;archivo_dat;2026-01-05 08:23:29
147;20221202;15324.54;0.9;archivo_dat;2026-01-05 08:23:29
148;20221205;16098.13;5.05;archivo_dat;2026-01-05 08:23:29
149;20221206;16114.48;0.1;archivo_dat;2026-01-05 08:23:29
150;20221207;16274.28;0.99;archivo_dat;2026-01-05 08:23:29
151;20221208;15989.25;-1.75;archivo_dat;2026-01-05 08:23:29
152;20221209;16462.52;2.96;archivo_dat;2026-01-05 08:23:29
153;20221213;16198.55;-1.6;archivo_dat;2026-01-05 08:23:29
154;20221214;16165.55;-0.2;archivo_dat;2026-01-05 08:23:29
155;20221215;16448.41;1.75;archivo_dat;2026-01-05 08:23:29
156;20221216;16531.39;0.5;archivo_dat;2026-01-05 08:23:29
157;20221219;16635.3;0.63;archivo_dat;2026-01-05 08:23:29
158;20221220;16421.18;-1.29;archivo_dat;2026-01-05 08:23:29
159;20221221;16142.1;-1.7;archivo_dat;2026-01-05 08:23:29
160;20221222;16014.76;-0.79;archivo_dat;2026-01-05 08:23:29
161;20221223;15854.19;-1.0;archivo_dat;2026-01-05 08:23:29
162;20221226;16485.16;3.98;archivo_dat;2026-01-05 08:23:29
163;20221227;17911.42;8.65;archivo_dat;2026-01-05 08:23:29
164;20221228;18841.43;5.19;archivo_dat;2026-01-05 08:23:29
165;20221229;19264.63;2.25;archivo_dat;2026-01-05 08:23:29
166;20230102;20907.62;-0.19;archivo_dat;2026-01-05 08:23:29
167;20230103;20658.15;-1.19;archivo_dat;2026-01-05 08:23:29
168;20230104;19927.69;-3.54;archivo_dat;2026-01-05 08:23:29
169;20230105;20747.4;4.11;archivo_dat;2026-01-05 08:23:29
170;20230106;19850.96;-4.32;archivo_dat;2026-01-05 08:23:29
171;20230110;19999.84;0.75;archivo_dat;2026-01-05 08:23:29
172;20230111;19619.83;-1.9;archivo_dat;2026-01-05 08:23:29
173;20230112;19514.88;-0.53;archivo_dat;2026-01-05 08:23:29
174;20230113;20236.75;3.7;archivo_dat;2026-01-05 08:23:29
175;20230116;20287.79;0.25;archivo_dat;2026-01-05 08:23:29
176;20230117;20942.68;3.23;archivo_dat;2026-01-05 08:23:29
177;20230118;21575.8;3.02;archivo_dat;2026-01-05 08:23:29
178;20230119;21955.85;1.76;archivo_dat;2026-01-05 08:23:29
179;20230120;22431.53;2.17;archivo_dat;2026-01-05 08:23:29
180;20230123;22175.86;-1.14;archivo_dat;2026-01-05 08:23:29
181;20230124;22376.95;0.91;archivo_dat;2026-01-05 08:23:29
182;20230125;22553.61;0.79;archivo_dat;2026-01-05 08:23:29
183;20230126;23421.26;3.85;archivo_dat;2026-01-05 08:23:29
184;20230127;23820.6;1.71;archivo_dat;2026-01-05 08:23:29
185;20230130;23926.3;0.44;archivo_dat;2026-01-05 08:23:29
186;20230131;24716.59;3.3;archivo_dat;2026-01-05 08:23:29
187;20230201;24716.59;3.3;archivo_dat;2026-01-05 08:23:29
188;20230202;25378.93;0.88;archivo_dat;2026-01-05 08:23:29
189;20230203;26009.96;2.49;archivo_dat;2026-01-05 08:23:29
190;20230206;26511.06;1.93;archivo_dat;2026-01-05 08:23:29
191;20230207;26574.18;0.24;archivo_dat;2026-01-05 08:23:29
192;20230208;26698.16;0.47;archivo_dat;2026-01-05 08:23:29
193;20230209;26574.12;-0.46;archivo_dat;2026-01-05 08:23:29
194;20230210;26559.01;-0.06;archivo_dat;2026-01-05 08:23:29
195;20230213;26525.37;-0.13;archivo_dat;2026-01-05 08:23:29
196;20230214;27491.28;3.64;archivo_dat;2026-01-05 08:23:29
197;20230215;27823.74;1.21;archivo_dat;2026-01-05 08:23:29
198;20230216;27872.43;0.17;archivo_dat;2026-01-05 08:23:29
199;20230217;27860.01;-0.04;archivo_dat;2026-01-05 08:23:29
200;20230222;28174.41;1.13;archivo_dat;2026-01-05 08:23:29
201;20230223;28106.17;-0.24;archivo_dat;2026-01-05 08:23:29
202;20230224;28770.96;2.37;archivo_dat;2026-01-05 08:23:29
203;20230227;29422.07;2.26;archivo_dat;2026-01-05 08:23:29
204;20230228;29202.38;-0.75;archivo_dat;2026-01-05 08:23:29
205;20230301;29161.04;-0.14;archivo_dat;2026-01-05 08:23:29
206;20230302;29023.45;-0.47;archivo_dat;2026-01-05 08:23:29
207;20230303;29035.8;0.04;archivo_dat;2026-01-05 08:23:29
208;20230306;28767.34;-0.92;archivo_dat;2026-01-05 08:23:29
209;20230307;28791.45;0.08;archivo_dat;2026-01-05 08:23:29
210;20230308;28717.55;-0.26;archivo_dat;2026-01-05 08:23:29
211;20230309;28701.6;-0.06;archivo_dat;2026-01-05 08:23:29
212;20230310;29088.04;1.35;archivo_dat;2026-01-05 08:23:29
213;20230313;29998.04;3.13;archivo_dat;2026-01-05 08:23:29
214;20230314;30166.35;0.56;archivo_dat;2026-01-05 08:23:29
215;20230315;29762.34;-1.34;archivo_dat;2026-01-05 08:23:29
216;20230316;29364.89;-1.34;archivo_dat;2026-01-05 08:23:29
217;20230317;28833.84;-1.81;archivo_dat;2026-01-05 08:23:29
218;20230320;29513.85;2.36;archivo_dat;2026-01-05 08:23:29
219;20230321;29479.16;-0.12;archivo_dat;2026-01-05 08:23:29
220;20230322;28842.1;-2.16;archivo_dat;2026-01-05 08:23:29
221;20230323;28837.32;-0.02;archivo_dat;2026-01-05 08:23:29
222;20230324;29098.65;0.91;archivo_dat;2026-01-05 08:23:29
223;20230327;28946.24;-0.52;archivo_dat;2026-01-05 08:23:29
224;20230328;29030.16;0.29;archivo_dat;2026-01-05 08:23:29
225;20230329;29038.63;0.03;archivo_dat;2026-01-05 08:23:29
226;20230330;29483.1;1.53;archivo_dat;2026-01-05 08:23:29
227;20230331;29025.46;-1.55;archivo_dat;2026-01-05 08:23:29
228;20230403;28695.26;-1.14;archivo_dat;2026-01-05 08:23:29
229;20230404;28876.78;0.63;archivo_dat;2026-01-05 08:23:29
230;20230405;29088.16;0.73;archivo_dat;2026-01-05 08:23:29
231;20230410;28575.85;-1.76;archivo_dat;2026-01-05 08:23:29
232;20230411;28965.82;1.36;archivo_dat;2026-01-05 08:23:29
233;20230412;28600.16;-1.26;archivo_dat;2026-01-05 08:23:29
234;20230413;28615.27;0.05;archivo_dat;2026-01-05 08:23:29
235;20230414;28114.73;-1.75;archivo_dat;2026-01-05 08:23:29
236;20230417;28289.42;0.62;archivo_dat;2026-01-05 08:23:29
237;20230418;28377.87;0.31;archivo_dat;2026-01-05 08:23:29
238;20230420;28508.77;0.46;archivo_dat;2026-01-05 08:23:29
239;20230421;29556.3;3.67;archivo_dat;2026-01-05 08:23:29
240;20230424;29782.84;0.77;archivo_dat;2026-01-05 08:23:29
241;20230425;30005.99;0.75;archivo_dat;2026-01-05 08:23:29
242;20230426;30256.67;0.84;archivo_dat;2026-01-05 08:23:29
243;20230427;30460.62;0.67;archivo_dat;2026-01-05 08:23:29
244;20230428;30682.11;0.73;archivo_dat;2026-01-05 08:23:29
245;20230502;31610.62;3.03;archivo_dat;2026-01-05 08:23:29
246;20230503;31873.79;0.83;archivo_dat;2026-01-05 08:23:29
247;20230504;31885.05;0.04;archivo_dat;2026-01-05 08:23:29
248;20230505;32508.21;1.95;archivo_dat;2026-01-05 08:23:29
249;20230508;34069.34;4.8;archivo_dat;2026-01-05 08:23:29
250;20230509;33835.47;-0.69;archivo_dat;2026-01-05 08:23:29
251;20230510;33866.58;0.09;archivo_dat;2026-01-05 08:23:29
252;20230511;34108.56;0.71;archivo_dat;2026-01-05 08:23:29
253;20230512;33272.05;-2.45;archivo_dat;2026-01-05 08:23:29
254;20230515;33033.13;-0.72;archivo_dat;2026-01-05 08:23:29
255;20230516;32333.19;-2.12;archivo_dat;2026-01-05 08:23:29
256;20230517;32007.49;-1.01;archivo_dat;2026-01-05 08:23:29
257;20230518;31785.42;-0.69;archivo_dat;2026-01-05 08:23:29
258;20230519;31919.92;0.42;archivo_dat;2026-01-05 08:23:29
259;20230523;32331.21;1.29;archivo_dat;2026-01-05 08:23:29
260;20230524;32105.18;-0.7;archivo_dat;2026-01-05 08:23:29
261;20230525;31884.43;-0.69;archivo_dat;2026-01-05 08:23:29
262;20230526;32883.88;3.13;archivo_dat;2026-01-05 08:23:29
263;20230529;32882.82;0.0;archivo_dat;2026-01-05 08:23:29
264;20230530;32545.17;-1.03;archivo_dat;2026-01-05 08:23:29
265;20230531;33362.96;2.51;archivo_dat;2026-01-05 08:23:29
266;20230601;33039.73;-0.97;archivo_dat;2026-01-05 08:23:29
267;20230602;33729.32;2.09;archivo_dat;2026-01-05 08:23:29
268;20230605;33282.75;-1.32;archivo_dat;2026-01-05 08:23:29
269;20230606;33925.19;1.93;archivo_dat;2026-01-05 08:23:29
270;20230607;33653.78;-0.8;archivo_dat;2026-01-05 08:23:29
271;20230608;34072.78;1.25;archivo_dat;2026-01-05 08:23:29
272;20230609;35500.36;4.19;archivo_dat;2026-01-05 08:23:29
273;20230613;34697.5;-2.26;archivo_dat;2026-01-05 08:23:29
274;20230614;34627.5;-0.2;archivo_dat;2026-01-05 08:23:29
275;20230615;34348.11;-0.81;archivo_dat;2026-01-05 08:23:29
276;20230616;34583.45;0.69;archivo_dat;2026-01-05 08:23:29
277;20230620;34587.88;0.01;archivo_dat;2026-01-05 08:23:29
278;20230621;34669.22;0.24;archivo_dat;2026-01-05 08:23:29
279;20230622;34906.26;0.68;archivo_dat;2026-01-05 08:23:29
280;20230623;34071.77;-2.39;archivo_dat;2026-01-05 08:23:29
281;20230626;33819.93;-0.74;archivo_dat;2026-01-05 08:23:29
282;20230627;32850.05;-2.87;archivo_dat;2026-01-05 08:23:29
283;20230628;33297.18;1.36;archivo_dat;2026-01-05 08:23:29
284;20230629;34849.15;4.66;archivo_dat;2026-01-05 08:23:29
285;20230630;35414.36;1.62;archivo_dat;2026-01-05 08:23:29
286;20230704;34923.43;-1.39;archivo_dat;2026-01-05 08:23:29
287;20230706;34387.27;-1.54;archivo_dat;2026-01-05 08:23:29
288;20230707;34387.05;0.0;archivo_dat;2026-01-05 08:23:29
289;20230710;34515.09;0.37;archivo_dat;2026-01-05 08:23:29
290;20230711;34344.94;-0.49;archivo_dat;2026-01-05 08:23:29
291;20230712;34879.49;1.56;archivo_dat;2026-01-05 08:23:29
292;20230713;34568.94;-0.89;archivo_dat;2026-01-05 08:23:29
293;20230714;35774.17;3.49;archivo_dat;2026-01-05 08:23:29
294;20230717;37048.29;3.56;archivo_dat;2026-01-05 08:23:29
295;20230718;37503.67;1.23;archivo_dat;2026-01-05 08:23:29
296;20230719;37255.0;-0.66;archivo_dat;2026-01-05 08:23:29
297;20230720;37062.79;-0.52;archivo_dat;2026-01-05 08:23:29
298;20230721;36892.34;-0.46;archivo_dat;2026-01-05 08:23:29
299;20230725;36887.16;-0.01;archivo_dat;2026-01-05 08:23:29
300;20230726;36112.46;-2.1;archivo_dat;2026-01-05 08:23:29
301;20230727;35582.23;-1.47;archivo_dat;2026-01-05 08:23:29
302;20230728;35528.05;-0.15;archivo_dat;2026-01-05 08:23:29
303;20230731;35783.35;0.72;archivo_dat;2026-01-05 08:23:29
304;20230801;34894.95;-2.48;archivo_dat;2026-01-05 08:23:29
305;20230802;34912.43;0.05;archivo_dat;2026-01-05 08:23:29
306;20230803;36021.36;3.18;archivo_dat;2026-01-05 08:23:29
307;20230804;34987.3;-2.87;archivo_dat;2026-01-05 08:23:29
308;20230807;35450.87;1.32;archivo_dat;2026-01-05 08:23:29
309;20230808;36372.72;2.6;archivo_dat;2026-01-05 08:23:29
310;20230809;36002.3;-1.02;archivo_dat;2026-01-05 08:23:29
311;20230810;35922.65;-0.22;archivo_dat;2026-01-05 08:23:29
312;20230811;35896.43;-0.07;archivo_dat;2026-01-05 08:23:29
313;20230815;35796.91;-0.28;archivo_dat;2026-01-05 08:23:29
314;20230816;36157.07;1.01;archivo_dat;2026-01-05 08:23:29
315;20230817;36871.41;1.98;archivo_dat;2026-01-05 08:23:29
316;20230818;37227.24;0.97;archivo_dat;2026-01-05 08:23:29
317;20230821;37239.89;0.03;archivo_dat;2026-01-05 08:23:29
318;20230822;36903.59;-0.9;archivo_dat;2026-01-05 08:23:29
319;20230823;36883.43;-0.05;archivo_dat;2026-01-05 08:23:29
320;20230824;36599.96;-0.77;archivo_dat;2026-01-05 08:23:29
321;20230825;37379.87;2.13;archivo_dat;2026-01-05 08:23:29
322;20230828;37880.94;1.34;archivo_dat;2026-01-05 08:23:29
323;20230829;37847.82;-0.09;archivo_dat;2026-01-05 08:23:29
324;20230830;38121.01;0.72;archivo_dat;2026-01-05 08:23:29
325;20230831;38542.94;1.11;archivo_dat;2026-01-05 08:23:29
326;20230901;38946.44;1.05;archivo_dat;2026-01-05 08:23:29
327;20230904;38625.96;-0.82;archivo_dat;2026-01-05 08:23:29
328;20230905;38691.4;0.17;archivo_dat;2026-01-05 08:23:29
329;20230906;38935.81;0.63;archivo_dat;2026-01-05 08:23:29
330;20230907;38524.86;-1.06;archivo_dat;2026-01-05 08:23:29
331;20230908;38842.81;0.83;archivo_dat;2026-01-05 08:23:29
332;20230912;38823.69;-0.05;archivo_dat;2026-01-05 08:23:29
333;20230913;39109.84;0.74;archivo_dat;2026-01-05 08:23:29
334;20230914;38257.94;-2.18;archivo_dat;2026-01-05 08:23:29
335;20230915;38658.05;1.05;archivo_dat;2026-01-05 08:23:29
336;20230918;39117.92;1.19;archivo_dat;2026-01-05 08:23:29
337;20230919;39068.79;-0.13;archivo_dat;2026-01-05 08:23:29
338;20230920;39053.59;-0.04;archivo_dat;2026-01-05 08:23:29
339;20230921;39063.73;0.03;archivo_dat;2026-01-05 08:23:29
340;20230922;38957.57;-0.27;archivo_dat;2026-01-05 08:23:29
341;20230925;39204.76;0.63;archivo_dat;2026-01-05 08:23:29
342;20230926;39387.12;0.47;archivo_dat;2026-01-05 08:23:29
343;20230927;39745.38;0.91;archivo_dat;2026-01-05 08:23:29
344;20230928;40391.07;1.62;archivo_dat;2026-01-05 08:23:29
345;20230929;42832.71;6.04;archivo_dat;2026-01-05 08:23:29
346;20231002;43531.93;1.63;archivo_dat;2026-01-05 08:23:29
347;20231003;44591.51;2.43;archivo_dat;2026-01-05 08:23:29
348;20231004;44909.54;0.71;archivo_dat;2026-01-05 08:23:29
349;20231005;43958.04;-2.12;archivo_dat;2026-01-05 08:23:29
350;20231006;44477.65;1.18;archivo_dat;2026-01-05 08:23:29
351;20231009;44027.38;-1.01;archivo_dat;2026-01-05 08:23:29
352;20231010;44400.21;0.85;archivo_dat;2026-01-05 08:23:29
353;20231011;44620.96;0.5;archivo_dat;2026-01-05 08:23:29
354;20231013;44915.87;0.66;archivo_dat;2026-01-05 08:23:29
355;20231016;46710.08;3.99;archivo_dat;2026-01-05 08:23:29
356;20231017;46957.16;0.53;archivo_dat;2026-01-05 08:23:29
357;20231018;48209.21;2.67;archivo_dat;2026-01-05 08:23:29
358;20231019;52922.53;9.78;archivo_dat;2026-01-05 08:23:29
359;20231020;54964.48;3.86;archivo_dat;2026-01-05 08:23:29
360;20231023;63455.81;15.45;archivo_dat;2026-01-05 08:23:29
361;20231024;60958.98;-3.93;archivo_dat;2026-01-05 08:23:29
362;20231025;60374.71;-0.96;archivo_dat;2026-01-05 08:23:29
363;20231026;57493.58;-4.77;archivo_dat;2026-01-05 08:23:29
364;20231027;58245.04;1.31;archivo_dat;2026-01-05 08:23:29
365;20231031;58800.5;0.95;archivo_dat;2026-01-05 08:23:29
366;20231101;58173.0;-1.07;archivo_dat;2026-01-05 08:23:29
367;20231102;59815.18;2.82;archivo_dat;2026-01-05 08:23:29
368;20231103;61609.38;3.0;archivo_dat;2026-01-05 08:23:29
369;20231107;60154.72;-2.36;archivo_dat;2026-01-05 08:23:29
370;20231108;58985.82;-1.94;archivo_dat;2026-01-05 08:23:29
371;20231109;58531.78;-0.77;archivo_dat;2026-01-05 08:23:29
372;20231110;56332.52;-3.76;archivo_dat;2026-01-05 08:23:29
373;20231113;57065.98;1.3;archivo_dat;2026-01-05 08:23:29
374;20231114;58657.27;2.79;archivo_dat;2026-01-05 08:23:29
375;20231115;56942.97;-2.92;archivo_dat;2026-01-05 08:23:29
376;20231116;57174.88;0.41;archivo_dat;2026-01-05 08:23:29
377;20231117;56451.43;-1.27;archivo_dat;2026-01-05 08:23:29
378;20231120;56688.73;0.42;archivo_dat;2026-01-05 08:23:29
379;20231121;57744.57;1.86;archivo_dat;2026-01-05 08:23:29
380;20231122;59200.71;2.52;archivo_dat;2026-01-05 08:23:29
381;20231123;59185.72;-0.03;archivo_dat;2026-01-05 08:23:29
382;20231124;58652.32;-0.9;archivo_dat;2026-01-05 08:23:29
383;20231127;58690.18;0.06;archivo_dat;2026-01-05 08:23:29
384;20231128;57618.21;-1.83;archivo_dat;2026-01-05 08:23:29
385;20231129;57557.13;-0.11;archivo_dat;2026-01-05 08:23:29
386;20231130;57827.33;0.47;archivo_dat;2026-01-05 08:23:29
387;20231201;57522.83;-0.53;archivo_dat;2026-01-05 08:23:29
388;20231204;58424.36;1.57;archivo_dat;2026-01-05 08:23:29
389;20231205;58341.02;-0.14;archivo_dat;2026-01-05 08:23:29
390;20231206;58331.32;-0.02;archivo_dat;2026-01-05 08:23:29
391;20231207;58009.49;-0.55;archivo_dat;2026-01-05 08:23:29
392;20231208;57096.93;-1.57;archivo_dat;2026-01-05 08:23:29
393;20231212;56971.21;-0.22;archivo_dat;2026-01-05 08:23:29
394;20231213;55993.44;-1.72;archivo_dat;2026-01-05 08:23:29
395;20231214;54996.3;-1.78;archivo_dat;2026-01-05 08:23:29
396;20231215;54642.53;-0.64;archivo_dat;2026-01-05 08:23:29
397;20231218;54493.93;-0.27;archivo_dat;2026-01-05 08:23:29
398;20231219;53371.56;-2.06;archivo_dat;2026-01-05 08:23:29
399;20231220;55422.46;3.84;archivo_dat;2026-01-05 08:23:29
400;20231221;55390.33;-0.06;archivo_dat;2026-01-05 08:23:29
401;20231222;55910.68;0.94;archivo_dat;2026-01-05 08:23:29
402;20231226;56522.71;1.09;archivo_dat;2026-01-05 08:23:29
403;20231227;56305.16;-0.38;archivo_dat;2026-01-05 08:23:29
404;20231228;56366.66;0.11;archivo_dat;2026-01-05 08:23:29
405;20231229;57832.46;2.6;archivo_dat;2026-01-05 08:23:29
406;20240102;58288.82;0.79;archivo_dat;2026-01-05 08:23:29
407;20240103;58059.49;-0.39;archivo_dat;2026-01-05 08:23:29
408;20240104;57525.8;-0.92;archivo_dat;2026-01-05 08:23:29
409;20240105;57164.41;-0.63;archivo_dat;2026-01-05 08:23:29
410;20240108;56755.28;-0.72;archivo_dat;2026-01-05 08:23:29
411;20240109;56041.38;-1.26;archivo_dat;2026-01-05 08:23:29
412;20240110;56142.25;0.18;archivo_dat;2026-01-05 08:23:29
413;20240111;55762.9;-0.68;archivo_dat;2026-01-05 08:23:29
414;20240112;55899.57;0.25;archivo_dat;2026-01-05 08:23:29
415;20240115;56602.8;1.26;archivo_dat;2026-01-05 08:23:29
416;20240116;56758.28;0.27;archivo_dat;2026-01-05 08:23:29
417;20240117;56790.57;0.06;archivo_dat;2026-01-05 08:23:29
418;20240118;56618.17;-0.3;archivo_dat;2026-01-05 08:23:29
419;20240119;57584.23;1.71;archivo_dat;2026-01-05 08:23:29
420;20240122;57953.2;0.64;archivo_dat;2026-01-05 08:23:29
421;20240123;57979.93;0.05;archivo_dat;2026-01-05 08:23:29
422;20240124;57539.41;-0.76;archivo_dat;2026-01-05 08:23:29
423;20240125;56841.48;-1.21;archivo_dat;2026-01-05 08:23:29
424;20240126;55030.26;-3.19;archivo_dat;2026-01-05 08:23:29
425;20240129;54140.02;-1.62;archivo_dat;2026-01-05 08:23:29
426;20240130;54237.16;0.18;archivo_dat;2026-01-05 08:23:29
427;20240131;53529.95;-1.3;archivo_dat;2026-01-05 08:23:29
428;20240201;53253.29;-0.52;archivo_dat;2026-01-05 08:23:29
429;20240202;54103.19;1.6;archivo_dat;2026-01-05 08:23:29
430;20240205;53702.64;-0.74;archivo_dat;2026-01-05 08:23:29
431;20240206;53543.86;-0.3;archivo_dat;2026-01-05 08:23:29
432;20240207;52077.81;-2.74;archivo_dat;2026-01-05 08:23:29
433;20240208;52839.06;1.46;archivo_dat;2026-01-05 08:23:29
434;20240209;53320.11;0.91;archivo_dat;2026-01-05 08:23:29
435;20240214;53005.23;-0.59;archivo_dat;2026-01-05 08:23:29
436;20240215;53114.01;0.21;archivo_dat;2026-01-05 08:23:29
437;20240216;51607.08;-2.84;archivo_dat;2026-01-05 08:23:29
438;20240219;51535.57;-0.14;archivo_dat;2026-01-05 08:23:29
439;20240220;51268.63;-0.52;archivo_dat;2026-01-05 08:23:29
440;20240221;49772.51;-2.92;archivo_dat;2026-01-05 08:23:29
441;20240222;50620.56;1.7;archivo_dat;2026-01-05 08:23:29
442;20240223;50807.87;0.37;archivo_dat;2026-01-05 08:23:29
443;20240226;49461.59;-2.65;archivo_dat;2026-01-05 08:23:29
444;20240227;49769.94;0.62;archivo_dat;2026-01-05 08:23:29
445;20240228;49247.9;-1.05;archivo_dat;2026-01-05 08:23:29
446;20240229;49444.03;0.4;archivo_dat;2026-01-05 08:23:29
447;20240301;49196.7;-0.5;archivo_dat;2026-01-05 08:23:29
448;20240304;48873.58;-0.66;archivo_dat;2026-01-05 08:23:29
449;20240305;47998.11;-1.79;archivo_dat;2026-01-05 08:23:29
450;20240306;50095.08;4.37;archivo_dat;2026-01-05 08:23:29
451;20240307;50100.0;0.01;archivo_dat;2026-01-05 08:23:29
452;20240308;50438.99;0.68;archivo_dat;2026-01-05 08:23:29
453;20240311;51503.7;2.11;archivo_dat;2026-01-05 08:23:29
454;20240312;52193.78;1.34;archivo_dat;2026-01-05 08:23:29
455;20240313;53488.57;2.48;archivo_dat;2026-01-05 08:23:29
456;20240314;53589.25;0.19;archivo_dat;2026-01-05 08:23:29
457;20240315;52081.14;-2.81;archivo_dat;2026-01-05 08:23:29
458;20240318;52064.66;-0.03;archivo_dat;2026-01-05 08:23:29
459;20240320;51513.75;-1.06;archivo_dat;2026-01-05 08:23:29
460;20240321;51002.88;-0.99;archivo_dat;2026-01-05 08:23:29
461;20240322;50902.39;-0.2;archivo_dat;2026-01-05 08:23:29
462;20240325;51433.26;1.04;archivo_dat;2026-01-05 08:23:29
463;20240326;54853.01;6.65;archivo_dat;2026-01-05 08:23:29
464;20240327;55619.96;1.4;archivo_dat;2026-01-05 08:23:29
465;20240401;57672.99;3.69;archivo_dat;2026-01-05 08:23:29
466;20240402;58116.66;0.77;archivo_dat;2026-01-05 08:23:29
467;20240403;57595.93;-0.9;archivo_dat;2026-01-05 08:23:29
468;20240404;57754.91;0.28;archivo_dat;2026-01-05 08:23:29
469;20240405;58983.84;2.13;archivo_dat;2026-01-05 08:23:29
470;20240408;58662.53;-0.54;archivo_dat;2026-01-05 08:23:29
471;20240409;58959.94;0.51;archivo_dat;2026-01-05 08:23:29
472;20240410;60564.84;2.72;archivo_dat;2026-01-05 08:23:29
473;20240411;60547.92;-0.03;archivo_dat;2026-01-05 08:23:29
474;20240412;61239.2;1.14;archivo_dat;2026-01-05 08:23:29
475;20240415;64994.51;6.13;archivo_dat;2026-01-05 08:23:29
476;20240416;65445.7;0.69;archivo_dat;2026-01-05 08:23:29
477;20240417;66016.25;0.87;archivo_dat;2026-01-05 08:23:29
478;20240418;64513.2;-2.28;archivo_dat;2026-01-05 08:23:29
479;20240422;63631.22;-1.37;archivo_dat;2026-01-05 08:23:29
480;20240423;62278.9;-2.13;archivo_dat;2026-01-05 08:23:29
481;20240424;62348.7;0.11;archivo_dat;2026-01-05 08:23:29
482;20240425;62905.39;0.89;archivo_dat;2026-01-05 08:23:29
483;20240426;62436.86;-0.74;archivo_dat;2026-01-05 08:23:29
484;20240429;62033.81;-0.65;archivo_dat;2026-01-05 08:23:29
485;20240430;62713.43;1.1;archivo_dat;2026-01-05 08:23:29
486;20240502;64350.48;2.61;archivo_dat;2026-01-05 08:23:29
487;20240503;64629.6;0.43;archivo_dat;2026-01-05 08:23:29
488;20240506;63369.31;-1.95;archivo_dat;2026-01-05 08:23:29
489;20240507;63838.69;0.74;archivo_dat;2026-01-05 08:23:29
490;20240508;64127.9;0.45;archivo_dat;2026-01-05 08:23:29
491;20240509;63950.07;-0.28;archivo_dat;2026-01-05 08:23:29
492;20240510;63262.05;-1.08;archivo_dat;2026-01-05 08:23:29
493;20240514;62946.97;-0.5;archivo_dat;2026-01-05 08:23:29
494;20240515;62719.36;-0.36;archivo_dat;2026-01-05 08:23:29
495;20240516;62680.67;-0.06;archivo_dat;2026-01-05 08:23:29
496;20240517;62859.55;0.29;archivo_dat;2026-01-05 08:23:29
497;20240520;63189.52;0.52;archivo_dat;2026-01-05 08:23:29
498;20240521;63537.36;0.55;archivo_dat;2026-01-05 08:23:29
499;20240522;65113.6;2.48;archivo_dat;2026-01-05 08:23:29
500;20240523;64807.15;-0.47;archivo_dat;2026-01-05 08:23:29
501;20240524;65752.09;1.46;archivo_dat;2026-01-05 08:23:29
502;20240527;67082.71;2.02;archivo_dat;2026-01-05 08:23:29
503;20240528;67436.14;0.53;archivo_dat;2026-01-05 08:23:29
504;20240529;67635.62;0.3;archivo_dat;2026-01-05 08:23:29
505;20240530;68680.49;1.54;archivo_dat;2026-01-05 08:23:29
506;20240531;69210.19;0.77;archivo_dat;2026-01-05 08:23:29
507;20240604;69482.91;0.39;archivo_dat;2026-01-05 08:23:29
508;20240605;70255.8;1.11;archivo_dat;2026-01-05 08:23:29
509;20240606;71084.91;1.18;archivo_dat;2026-01-05 08:23:29
510;20240607;71570.16;0.68;archivo_dat;2026-01-05 08:23:29
511;20240610;73241.88;2.34;archivo_dat;2026-01-05 08:23:29
512;20240611;72026.69;-1.66;archivo_dat;2026-01-05 08:23:29
513;20240612;74353.88;3.23;archivo_dat;2026-01-05 08:23:29
514;20240613;74469.41;0.16;archivo_dat;2026-01-05 08:23:29
515;20240614;75604.34;1.52;archivo_dat;2026-01-05 08:23:29
516;20240618;76017.22;0.55;archivo_dat;2026-01-05 08:23:29
517;20240619;76518.41;0.66;archivo_dat;2026-01-05 08:23:29
518;20240620;76344.47;-0.23;archivo_dat;2026-01-05 08:23:29
519;20240621;76463.34;0.16;archivo_dat;2026-01-05 08:23:29
520;20240625;77083.16;0.81;archivo_dat;2026-01-05 08:23:29
521;20240626;77538.43;0.59;archivo_dat;2026-01-05 08:23:29
522;20240627;77421.72;-0.15;archivo_dat;2026-01-05 08:23:29
523;20240628;78695.2;1.64;archivo_dat;2026-01-05 08:23:29
524;20240701;80455.84;2.24;archivo_dat;2026-01-05 08:23:29
525;20240702;86686.74;7.74;archivo_dat;2026-01-05 08:23:29
526;20240703;88817.26;2.46;archivo_dat;2026-01-05 08:23:29
527;20240704;88433.84;-0.43;archivo_dat;2026-01-05 08:23:29
528;20240708;88213.71;-0.25;archivo_dat;2026-01-05 08:23:29
529;20240709;87595.27;-0.7;archivo_dat;2026-01-05 08:23:29
530;20240710;88319.94;0.83;archivo_dat;2026-01-05 08:23:29
531;20240711;88804.29;0.55;archivo_dat;2026-01-05 08:23:29
532;20240712;90723.5;2.16;archivo_dat;2026-01-05 08:23:29
533;20240715;90140.82;-0.64;archivo_dat;2026-01-05 08:23:29
534;20240716;88761.46;-1.53;archivo_dat;2026-01-05 08:23:29
535;20240717;86848.59;-2.16;archivo_dat;2026-01-05 08:23:29
536;20240718;84382.19;-2.84;archivo_dat;2026-01-05 08:23:29
537;20240719;85263.17;1.04;archivo_dat;2026-01-05 08:23:29
538;20240722;84814.26;-0.53;archivo_dat;2026-01-05 08:23:29
539;20240723;86350.53;1.81;archivo_dat;2026-01-05 08:23:29
540;20240725;87847.25;1.73;archivo_dat;2026-01-05 08:23:29
541;20240726;89244.33;1.59;archivo_dat;2026-01-05 08:23:29
542;20240729;88478.83;-0.86;archivo_dat;2026-01-05 08:23:29
543;20240730;90100.48;1.83;archivo_dat;2026-01-05 08:23:29
544;20240731;90190.74;0.1;archivo_dat;2026-01-05 08:23:29
545;20240801;92652.89;2.73;archivo_dat;2026-01-05 08:23:29
546;20240802;94058.8;1.52;archivo_dat;2026-01-05 08:23:29
547;20240805;93101.48;-1.02;archivo_dat;2026-01-05 08:23:29
548;20240806;92340.18;-0.82;archivo_dat;2026-01-05 08:23:29
549;20240807;92378.36;0.04;archivo_dat;2026-01-05 08:23:29
550;20240808;93213.71;0.9;archivo_dat;2026-01-05 08:23:29
551;20240809;91648.26;-1.68;archivo_dat;2026-01-05 08:23:29
552;20240812;89439.54;-2.41;archivo_dat;2026-01-05 08:23:29
553;20240813;88294.98;-1.28;archivo_dat;2026-01-05 08:23:29
554;20240814;87055.22;-1.4;archivo_dat;2026-01-05 08:23:29
555;20240815;89188.28;2.45;archivo_dat;2026-01-05 08:23:29
556;20240816;88934.68;-0.28;archivo_dat;2026-01-05 08:23:29
557;20240820;89556.16;0.7;archivo_dat;2026-01-05 08:23:29
558;20240821;93018.66;3.87;archivo_dat;2026-01-05 08:23:29
559;20240822;93092.05;0.08;archivo_dat;2026-01-05 08:23:29
560;20240823;94746.62;1.78;archivo_dat;2026-01-05 08:23:29
561;20240826;93151.24;-1.68;archivo_dat;2026-01-05 08:23:29
562;20240827;92596.46;-0.6;archivo_dat;2026-01-05 08:23:29
563;20240828;91705.8;-0.96;archivo_dat;2026-01-05 08:23:29
564;20240829;91532.07;-0.19;archivo_dat;2026-01-05 08:23:29
565;20240830;91532.07;0.0;archivo_dat;2026-01-05 08:23:29
566;20240902;95606.91;4.45;archivo_dat;2026-01-05 08:23:29
567;20240903;96313.88;0.74;archivo_dat;2026-01-05 08:23:29
568;20240904;96592.13;0.29;archivo_dat;2026-01-05 08:23:29
569;20240905;95910.61;-0.71;archivo_dat;2026-01-05 08:23:29
570;20240906;95947.52;0.04;archivo_dat;2026-01-05 08:23:29
571;20240909;97140.56;1.24;archivo_dat;2026-01-05 08:23:29
572;20240910;98913.06;1.82;archivo_dat;2026-01-05 08:23:29
573;20240911;98667.73;-0.25;archivo_dat;2026-01-05 08:23:29
574;20240912;97797.01;-0.88;archivo_dat;2026-01-05 08:23:29
575;20240913;97562.73;-0.24;archivo_dat;2026-01-05 08:23:29
576;20240917;97529.05;-0.03;archivo_dat;2026-01-05 08:23:29
577;20240918;96871.45;-0.67;archivo_dat;2026-01-05 08:23:29
578;20240919;96970.27;0.1;archivo_dat;2026-01-05 08:23:29
579;20240920;97169.03;0.2;archivo_dat;2026-01-05 08:23:29
580;20240923;96908.44;-0.27;archivo_dat;2026-01-05 08:23:29
581;20240924;95560.88;-1.39;archivo_dat;2026-01-05 08:23:29
582;20240925;88572.63;-7.31;archivo_dat;2026-01-05 08:23:29
583;20240926;92794.19;-1.28;archivo_dat;2026-01-05 08:23:29
584;20240927;92398.24;-0.43;archivo_dat;2026-01-05 08:23:29
585;20240930;91804.92;-0.64;archivo_dat;2026-01-05 08:23:29
586;20241001;90192.09;-1.76;archivo_dat;2026-01-05 08:23:29
587;20241002;89382.28;-0.9;archivo_dat;2026-01-05 08:23:29
588;20241003;88828.15;-0.62;archivo_dat;2026-01-05 08:23:29
589;20241004;88268.77;-0.63;archivo_dat;2026-01-05 08:23:29
590;20241007;89978.66;1.94;archivo_dat;2026-01-05 08:23:29
591;20241008;89754.32;-0.25;archivo_dat;2026-01-05 08:23:29
592;20241009;90292.88;0.6;archivo_dat;2026-01-05 08:23:29
593;20241010;90379.09;0.1;archivo_dat;2026-01-05 08:23:29
594;20241011;92455.02;2.3;archivo_dat;2026-01-05 08:23:29
595;20241014;92619.56;0.18;archivo_dat;2026-01-05 08:23:29
596;20241015;93041.12;0.46;archivo_dat;2026-01-05 08:23:29
597;20241016;93037.91;0.0;archivo_dat;2026-01-05 08:23:29
598;20241017;93824.95;0.85;archivo_dat;2026-01-05 08:23:29
599;20241018;95972.31;2.29;archivo_dat;2026-01-05 08:23:29
600;20241021;97089.44;1.16;archivo_dat;2026-01-05 08:23:29
601;20241022;96828.1;-0.27;archivo_dat;2026-01-05 08:23:29
602;20241023;95119.59;-1.76;archivo_dat;2026-01-05 08:23:29
603;20241024;96090.26;1.02;archivo_dat;2026-01-05 08:23:29
604;20241025;98102.84;2.09;archivo_dat;2026-01-05 08:23:29
605;20241028;97938.5;-0.17;archivo_dat;2026-01-05 08:23:29
606;20241029;97278.3;-0.67;archivo_dat;2026-01-05 08:23:29
607;20241030;97486.09;0.21;archivo_dat;2026-01-05 08:23:29
608;20241031;99607.73;2.18;archivo_dat;2026-01-05 08:23:29
609;20241101;99733.27;0.13;archivo_dat;2026-01-05 08:23:29
610;20241105;99448.9;-0.29;archivo_dat;2026-01-05 08:23:29
611;20241106;99171.0;-0.28;archivo_dat;2026-01-05 08:23:29
612;20241107;99108.84;-0.06;archivo_dat;2026-01-05 08:23:29
613;20241108;99329.94;0.22;archivo_dat;2026-01-05 08:23:29
614;20241111;99831.05;0.5;archivo_dat;2026-01-05 08:23:29
615;20241112;102446.09;2.62;archivo_dat;2026-01-05 08:23:29
616;20241113;104195.49;1.71;archivo_dat;2026-01-05 08:23:29
617;20241114;104654.29;0.44;archivo_dat;2026-01-05 08:23:29
618;20241115;104256.23;-0.38;archivo_dat;2026-01-05 08:23:29
619;20241119;104821.79;0.54;archivo_dat;2026-01-05 08:23:29
620;20241120;105165.72;0.33;archivo_dat;2026-01-05 08:23:29
621;20241121;105886.31;0.69;archivo_dat;2026-01-05 08:23:29
622;20241122;106339.55;0.43;archivo_dat;2026-01-05 08:23:29
623;20241125;109426.55;2.9;archivo_dat;2026-01-05 08:23:29
624;20241126;109414.51;-0.01;archivo_dat;2026-01-05 08:23:29
625;20241127;107986.8;-1.3;archivo_dat;2026-01-05 08:23:29
626;20241128;108537.81;0.51;archivo_dat;2026-01-05 08:23:29
627;20241129;107147.55;-1.28;archivo_dat;2026-01-05 08:23:29
628;20241202;106693.25;-0.42;archivo_dat;2026-01-05 08:23:29
629;20241203;106360.51;-0.31;archivo_dat;2026-01-05 08:23:29
630;20241204;106139.62;-0.21;archivo_dat;2026-01-05 08:23:29
631;20241205;105213.01;-0.87;archivo_dat;2026-01-05 08:23:29
632;20241206;105143.39;-0.07;archivo_dat;2026-01-05 08:23:29
633;20241209;105100.73;-0.04;archivo_dat;2026-01-05 08:23:29
634;20241210;104825.01;-0.26;archivo_dat;2026-01-05 08:23:29
635;20241211;104874.34;0.05;archivo_dat;2026-01-05 08:23:29
636;20241212;103129.52;-1.66;archivo_dat;2026-01-05 08:23:29
637;20241213;103060.66;-0.07;archivo_dat;2026-01-05 08:23:29
638;20241216;102360.73;-0.68;archivo_dat;2026-01-05 08:23:29
639;20241217;103830.62;1.44;archivo_dat;2026-01-05 08:23:29
640;20241218;104625.95;0.77;archivo_dat;2026-01-05 08:23:29
641;20241219;112449.38;7.48;archivo_dat;2026-01-05 08:23:29
642;20241220;114344.87;1.69;archivo_dat;2026-01-05 08:23:29
643;20241223;115587.47;1.09;archivo_dat;2026-01-05 08:23:29
644;20241226;114560.38;-0.89;archivo_dat;2026-01-05 08:23:29
645;20241227;115102.33;0.47;archivo_dat;2026-01-05 08:23:29
646;20250102;121296.95;1.61;archivo_dat;2026-01-05 08:23:29
647;20250103;124647.95;2.76;archivo_dat;2026-01-05 08:23:29
648;20250107;126573.12;1.54;archivo_dat;2026-01-05 08:23:29
649;20250108;128795.41;1.76;archivo_dat;2026-01-05 08:23:29
650;20250109;140003.73;8.7;archivo_dat;2026-01-05 08:23:29
651;20250110;142505.25;1.79;archivo_dat;2026-01-05 08:23:29
652;20250114;142943.44;0.31;archivo_dat;2026-01-05 08:23:29
653;20250115;141523.34;-0.99;archivo_dat;2026-01-05 08:23:29
654;20250116;137017.31;-3.18;archivo_dat;2026-01-05 08:23:29
655;20250117;133782.23;-2.36;archivo_dat;2026-01-05 08:23:29
656;20250120;132528.3;-0.94;archivo_dat;2026-01-05 08:23:29
657;20250121;132415.52;-0.09;archivo_dat;2026-01-05 08:23:29
658;20250122;132832.58;0.31;archivo_dat;2026-01-05 08:23:29
659;20250123;134095.11;0.95;archivo_dat;2026-01-05 08:23:29
660;20250124;134917.2;0.61;archivo_dat;2026-01-05 08:23:29
661;20250127;134085.39;-0.62;archivo_dat;2026-01-05 08:23:29
662;20250128;134449.06;0.27;archivo_dat;2026-01-05 08:23:29
663;20250129;136000.78;1.15;archivo_dat;2026-01-05 08:23:29
664;20250130;139732.28;2.74;archivo_dat;2026-01-05 08:23:29
665;20250131;145633.28;4.22;archivo_dat;2026-01-05 08:23:29
666;20250203;146135.39;0.34;archivo_dat;2026-01-05 08:23:29
667;20250204;152780.3;4.55;archivo_dat;2026-01-05 08:23:29
668;20250205;158938.31;4.03;archivo_dat;2026-01-05 08:23:29
669;20250206;155922.23;-1.9;archivo_dat;2026-01-05 08:23:29
670;20250207;155181.92;-0.47;archivo_dat;2026-01-05 08:23:29
671;20250210;153677.62;-0.97;archivo_dat;2026-01-05 08:23:29
672;20250211;153872.86;0.13;archivo_dat;2026-01-05 08:23:29
673;20250212;154667.69;0.52;archivo_dat;2026-01-05 08:23:29
674;20250213;161643.84;4.51;archivo_dat;2026-01-05 08:23:29
675;20250214;162709.56;0.66;archivo_dat;2026-01-05 08:23:29
676;20250217;165360.17;1.63;archivo_dat;2026-01-05 08:23:29
677;20250218;164639.42;-0.44;archivo_dat;2026-01-05 08:23:29
678;20250219;165449.55;0.49;archivo_dat;2026-01-05 08:23:29
679;20250220;167473.16;1.22;archivo_dat;2026-01-05 08:23:29
680;20250221;174660.97;4.29;archivo_dat;2026-01-05 08:23:29
681;20250224;181502.28;3.92;archivo_dat;2026-01-05 08:23:29
682;20250225;190316.17;4.86;archivo_dat;2026-01-05 08:23:29
683;20250226;190686.08;0.19;archivo_dat;2026-01-05 08:23:29
684;20250227;190067.02;-0.32;archivo_dat;2026-01-05 08:23:29
685;20250228;192855.91;1.47;archivo_dat;2026-01-05 08:23:29
686;20250305;188965.67;-2.02;archivo_dat;2026-01-05 08:23:29
687;20250306;185391.69;-1.89;archivo_dat;2026-01-05 08:23:29
688;20250307;183506.89;-1.02;archivo_dat;2026-01-05 08:23:29
689;20250310;182142.67;-0.74;archivo_dat;2026-01-05 08:23:29
690;20250311;183094.11;0.52;archivo_dat;2026-01-05 08:23:29
691;20250312;183508.25;0.23;archivo_dat;2026-01-05 08:23:29
692;20250313;187468.3;2.16;archivo_dat;2026-01-05 08:23:29
693;20250314;189521.48;1.1;archivo_dat;2026-01-05 08:23:29
694;20250317;188953.58;-0.3;archivo_dat;2026-01-05 08:23:29
695;20250318;193867.67;2.6;archivo_dat;2026-01-05 08:23:29
696;20250320;195107.16;0.64;archivo_dat;2026-01-05 08:23:29
697;20250321;194437.31;-0.34;archivo_dat;2026-01-05 08:23:29
698;20250324;197496.75;1.57;archivo_dat;2026-01-05 08:23:29
699;20250325;208203.88;5.42;archivo_dat;2026-01-05 08:23:29
700;20250326;233867.34;12.33;archivo_dat;2026-01-05 08:23:29
701;20250327;238635.03;2.04;archivo_dat;2026-01-05 08:23:29
702;20250328;238132.77;-0.21;archivo_dat;2026-01-05 08:23:29
703;20250331;231124.73;-2.94;archivo_dat;2026-01-05 08:23:29
704;20250401;230607.7;-0.22;archivo_dat;2026-01-05 08:23:29
705;20250402;229921.45;-0.3;archivo_dat;2026-01-05 08:23:29
706;20250403;229805.16;-0.05;archivo_dat;2026-01-05 08:23:29
707;20250404;230691.47;0.39;archivo_dat;2026-01-05 08:23:29
708;20250407;225059.89;-2.44;archivo_dat;2026-01-05 08:23:29
709;20250408;226435.2;0.61;archivo_dat;2026-01-05 08:23:29
710;20250409;226703.7;0.12;archivo_dat;2026-01-05 08:23:29
711;20250410;226448.97;-0.11;archivo_dat;2026-01-05 08:23:29
712;20250411;226386.59;-0.03;archivo_dat;2026-01-05 08:23:29
713;20250414;226106.23;-0.12;archivo_dat;2026-01-05 08:23:29
714;20250415;227092.7;0.44;archivo_dat;2026-01-05 08:23:29
715;20250416;228140.47;0.46;archivo_dat;2026-01-05 08:23:29
716;20250421;225873.72;-0.99;archivo_dat;2026-01-05 08:23:29
717;20250422;224925.62;-0.42;archivo_dat;2026-01-05 08:23:29
718;20250423;225721.66;0.35;archivo_dat;2026-01-05 08:23:29
719;20250424;221703.73;-1.78;archivo_dat;2026-01-05 08:23:29
720;20250425;237738.34;7.23;archivo_dat;2026-01-05 08:23:29
721;20250428;241899.83;1.75;archivo_dat;2026-01-05 08:23:29
722;20250429;238148.59;-1.55;archivo_dat;2026-01-05 08:23:29
723;20250430;239462.69;0.55;archivo_dat;2026-01-05 08:23:29
724;20250502;235588.78;-1.62;archivo_dat;2026-01-05 08:23:29
725;20250505;231911.7;-1.56;archivo_dat;2026-01-05 08:23:29
726;20250506;236218.34;1.86;archivo_dat;2026-01-05 08:23:29
727;20250507;231824.09;-1.86;archivo_dat;2026-01-05 08:23:29
728;20250508;234397.17;1.11;archivo_dat;2026-01-05 08:23:29
729;20250509;237565.38;1.35;archivo_dat;2026-01-05 08:23:29
730;20250512;237639.78;0.03;archivo_dat;2026-01-05 08:23:29
731;20250513;237973.39;0.14;archivo_dat;2026-01-05 08:23:29
732;20250514;241625.33;1.53;archivo_dat;2026-01-05 08:23:29
733;20250515;247453.81;2.41;archivo_dat;2026-01-05 08:23:29
734;20250516;266392.41;7.65;archivo_dat;2026-01-05 08:23:29
735;20250519;274252.16;2.95;archivo_dat;2026-01-05 08:23:29
736;20250520;275780.97;0.56;archivo_dat;2026-01-05 08:23:29
737;20250521;277580.47;0.65;archivo_dat;2026-01-05 08:23:29
738;20250522;285796.91;2.96;archivo_dat;2026-01-05 08:23:29
739;20250523;295372.97;3.35;archivo_dat;2026-01-05 08:23:29
740;20250526;292247.66;-1.06;archivo_dat;2026-01-05 08:23:29
741;20250527;306123.69;4.75;archivo_dat;2026-01-05 08:23:29
742;20250528;307714.72;0.52;archivo_dat;2026-01-05 08:23:29
743;20250529;311932.56;1.37;archivo_dat;2026-01-05 08:23:29
744;20250530;310922.03;-0.32;archivo_dat;2026-01-05 08:23:29
745;20250603;306960.81;-1.27;archivo_dat;2026-01-05 08:23:29
746;20250604;319033.0;3.93;archivo_dat;2026-01-05 08:23:29
747;20250605;321836.75;0.88;archivo_dat;2026-01-05 08:23:29
748;20250606;330147.69;2.58;archivo_dat;2026-01-05 08:23:29
749;20250609;342357.03;3.7;archivo_dat;2026-01-05 08:23:29
750;20250610;346318.69;1.16;archivo_dat;2026-01-05 08:23:29
751;20250611;350199.0;1.12;archivo_dat;2026-01-05 08:23:29
752;20250612;347754.72;-0.7;archivo_dat;2026-01-05 08:23:29
753;20250613;355479.34;2.22;archivo_dat;2026-01-05 08:23:29
754;20250617;367827.12;3.47;archivo_dat;2026-01-05 08:23:29
755;20250618;364207.41;-0.98;archivo_dat;2026-01-05 08:23:29
756;20250619;369517.41;1.46;archivo_dat;2026-01-05 08:23:29
757;20250620;370772.91;0.34;archivo_dat;2026-01-05 08:23:29
758;20250625;370104.97;-0.18;archivo_dat;2026-01-05 08:23:29
759;20250626;366079.41;-1.09;archivo_dat;2026-01-05 08:23:29
760;20250627;370150.69;1.11;archivo_dat;2026-01-05 08:23:29
761;20250630;373071.88;0.79;archivo_dat;2026-01-05 08:23:29
762;20250701;383988.22;2.93;archivo_dat;2026-01-05 08:23:29
763;20250702;375610.56;-2.18;archivo_dat;2026-01-05 08:23:29
764;20250703;380160.75;1.21;archivo_dat;2026-01-05 08:23:29
765;20250704;386525.09;1.67;archivo_dat;2026-01-05 08:23:29
766;20250707;389514.38;0.77;archivo_dat;2026-01-05 08:23:29
767;20250708;396183.25;1.71;archivo_dat;2026-01-05 08:23:29
768;20250709;392282.91;-0.98;archivo_dat;2026-01-05 08:23:29
769;20250710;396202.34;1.0;archivo_dat;2026-01-05 08:23:29
770;20250711;396086.94;-0.03;archivo_dat;2026-01-05 08:23:29
771;20250714;397415.75;0.34;archivo_dat;2026-01-05 08:23:29
772;20250715;397903.5;0.12;archivo_dat;2026-01-05 08:23:29
773;20250716;398146.56;0.06;archivo_dat;2026-01-05 08:23:29
774;20250717;415937.94;4.47;archivo_dat;2026-01-05 08:23:29
775;20250718;442795.06;6.46;archivo_dat;2026-01-05 08:23:29
776;20250721;469891.69;6.12;archivo_dat;2026-01-05 08:23:29
777;20250722;494716.91;5.28;archivo_dat;2026-01-05 08:23:29
778;20250723;499361.31;0.94;archivo_dat;2026-01-05 08:23:29
779;20250725;532713.06;6.68;archivo_dat;2026-01-05 08:23:29
780;20250728;534.59;-3.11;archivo_dat;2026-01-05 08:23:29
781;20250729;538.93;0.81;archivo_dat;2026-01-05 08:23:29
782;20250730;528.36;-1.96;archivo_dat;2026-01-05 08:23:29
783;20250731;528.11;-0.05;archivo_dat;2026-01-05 08:23:29
784;20250801;533.15;0.95;archivo_dat;2026-01-05 08:23:29
785;20250804;534.57;0.27;archivo_dat;2026-01-05 08:23:29
786;20250805;530.43;-0.77;archivo_dat;2026-01-05 08:23:29
787;20250806;533.23;0.53;archivo_dat;2026-01-05 08:23:29
788;20250807;558.85;4.8;archivo_dat;2026-01-05 08:23:29
789;20250808;611.46;9.41;archivo_dat;2026-01-05 08:23:29
790;20250811;611.79;0.05;archivo_dat;2026-01-05 08:23:29
791;20250812;611.99;0.03;archivo_dat;2026-01-05 08:23:29
792;20250813;630.07;2.95;archivo_dat;2026-01-05 08:23:29
793;20250814;641.71;1.85;archivo_dat;2026-01-05 08:23:29
794;20250815;644.82;0.48;archivo_dat;2026-01-05 08:23:29
795;20250819;676.51;4.91;archivo_dat;2026-01-05 08:23:29
796;20250820;709.96;4.94;archivo_dat;2026-01-05 08:23:29
797;20250821;733.83;3.36;archivo_dat;2026-01-05 08:23:29
798;20250822;756.49;3.09;archivo_dat;2026-01-05 08:23:29
799;20250825;781.41;3.29;archivo_dat;2026-01-05 08:23:29
800;20250826;811.37;3.83;archivo_dat;2026-01-05 08:23:29
801;20250827;820.86;1.17;archivo_dat;2026-01-05 08:23:29
802;20250828;821.65;0.1;archivo_dat;2026-01-05 08:23:29
803;20250829;823.17;0.18;archivo_dat;2026-01-05 08:23:29
804;20250901;816.3;-0.83;archivo_dat;2026-01-05 08:23:29
805;20250902;866.1;6.1;archivo_dat;2026-01-05 08:23:29
806;20250903;896.39;3.5;archivo_dat;2026-01-05 08:23:29
807;20250904;965.25;7.68;archivo_dat;2026-01-05 08:23:29
808;20250905;992.78;2.85;archivo_dat;2026-01-05 08:23:29
809;20250908;1017.86;2.53;archivo_dat;2026-01-05 08:23:29
810;20250909;1003.66;-1.4;archivo_dat;2026-01-05 08:23:29
811;20250910;1012.0;0.83;archivo_dat;2026-01-05 08:23:29
812;20250911;1006.55;-0.54;archivo_dat;2026-01-05 08:23:29
813;20250912;1009.46;0.29;archivo_dat;2026-01-05 08:23:29
814;20250916;987.62;-2.16;archivo_dat;2026-01-05 08:23:29
815;20250917;972.05;-1.58;archivo_dat;2026-01-05 08:23:29
816;20250918;971.73;-0.03;archivo_dat;2026-01-05 08:23:29
817;20250919;967.57;-0.43;archivo_dat;2026-01-05 08:23:29
818;20250922;960.63;-0.72;archivo_dat;2026-01-05 08:23:29
819;20250923;964.69;0.42;archivo_dat;2026-01-05 08:23:29
820;20250924;1038.18;7.62;archivo_dat;2026-01-05 08:23:29
821;20250925;1052.25;1.36;archivo_dat;2026-01-05 08:23:29
822;20250926;1082.69;2.89;archivo_dat;2026-01-05 08:23:29
823;20250929;1086.4;0.34;archivo_dat;2026-01-05 08:23:29
824;20250930;1082.32;-0.38;archivo_dat;2026-01-05 08:23:29
825;20251001;1053.52;-2.66;archivo_dat;2026-01-05 08:23:29
826;20251002;1058.57;0.48;archivo_dat;2026-01-05 08:23:29
827;20251003;1114.73;5.31;archivo_dat;2026-01-05 08:23:29
828;20251006;1102.03;-1.14;archivo_dat;2026-01-05 08:23:29
829;20251007;1118.62;1.51;archivo_dat;2026-01-05 08:23:29
830;20251008;1092.27;-2.36;archivo_dat;2026-01-05 08:23:29
831;20251009;1106.64;1.32;archivo_dat;2026-01-05 08:23:29
832;20251010;1135.16;2.58;archivo_dat;2026-01-05 08:23:29
833;20251013;1168.38;2.93;archivo_dat;2026-01-05 08:23:29
834;20251014;1200.7;2.77;archivo_dat;2026-01-05 08:23:29
835;20251015;1319.37;9.88;archivo_dat;2026-01-05 08:23:29
836;20251016;1416.04;7.33;archivo_dat;2026-01-05 08:23:29
837;20251017;1466.28;3.55;archivo_dat;2026-01-05 08:23:29
838;20251021;1465.01;-0.09;archivo_dat;2026-01-05 08:23:29
839;20251022;1473.2;0.56;archivo_dat;2026-01-05 08:23:29
840;20251024;1631.36;1.39;archivo_dat;2026-01-05 08:23:29
841;20251027;1653.41;1.35;archivo_dat;2026-01-05 08:23:29
842;20251028;1654.87;0.09;archivo_dat;2026-01-05 08:23:29
843;20251029;1641.74;-0.79;archivo_dat;2026-01-05 08:23:29
844;20251030;1600.42;-2.52;archivo_dat;2026-01-05 08:23:29
845;20251031;1619.77;1.21;archivo_dat;2026-01-05 08:23:29
846;20251103;1595.66;-1.49;archivo_dat;2026-01-05 08:23:29
847;20251104;1606.71;0.69;archivo_dat;2026-01-05 08:23:29
848;20251105;1633.71;1.68;archivo_dat;2026-01-05 08:23:29
849;20251106;1617.38;-1.0;archivo_dat;2026-01-05 08:23:29
850;20251107;1602.81;-0.9;archivo_dat;2026-01-05 08:23:29
851;20251110;1614.45;0.73;archivo_dat;2026-01-05 08:23:29
852;20251111;1593.89;-1.27;archivo_dat;2026-01-05 08:23:29
853;20251112;1614.19;1.27;archivo_dat;2026-01-05 08:23:29
854;20251113;1690.12;4.7;archivo_dat;2026-01-05 08:23:29
855;20251114;1698.82;0.51;archivo_dat;2026-01-05 08:23:29
856;20251117;1665.82;-1.94;archivo_dat;2026-01-05 08:23:29
857;20251118;1610.73;-3.31;archivo_dat;2026-01-05 08:23:29
858;20251119;1599.61;-0.69;archivo_dat;2026-01-05 08:23:29
859;20251120;1677.78;4.89;archivo_dat;2026-01-05 08:23:29
860;20251121;1590.1;-5.23;archivo_dat;2026-01-05 08:23:29
861;20251124;1552.2;-2.38;archivo_dat;2026-01-05 08:23:29
862;20251125;1552.2;-2.38;archivo_dat;2026-01-05 08:23:29
863;20251126;1550.42;-0.11;archivo_dat;2026-01-05 08:23:29
864;20260105;2597.68;16.45;archivo_dat;2026-01-05 21:23:54
865;20260107;4458.84;14.42;automatico;2026-01-07 21:43:41
