fecha,dolar,ibc,ibc_var,ibc_var_pct
2026-03-27,468.51,0.0,0.0,0.0
2026-03-26,466.6014,0.0,0.0,0.0
2026-03-25,462.6687,0.0,0.0,0.0
2026-03-24,459.4525,0.0,0.0,0.0
2026-03-23,457.0757,0.0,0.0,0.0
2026-03-20,455.2547,0.0,0.0,0.0
2026-03-18,451.5072,0.0,0.0,0.0
2026-03-17,448.3686,0.0,0.0,0.0
2026-03-16,446.8048,0.0,0.0,0.0
2026-03-13,443.2587,0.0,0.0,0.0
2026-03-12,440.9657,0.0,0.0,0.0
2026-03-11,438.2,0.0,0.0,0.0
2026-03-10,436.24,0.0,0.0,0.0
2026-03-09,466.1664,0.0,0.0,0.0
2026-03-06,431.01,0.0,0.0,0.0
2026-03-05,427.93,0.0,0.0,0.0
2026-03-04,425.67,0.0,0.0,0.0
2026-03-03,421.87,0.0,0.0,0.0
2026-03-02,419.987,0.0,0.0,0.0
2026-02-27,417.3579,0.0,0.0,0.0
2026-02-26,414.0455,0.0,0.0,0.0
2026-02-25,411.0857,0.0,0.0,0.0
2026-02-24,407.3786,0.0,0.0,0.0
2026-02-23,405.3518,0.0,0.0,0.0
2026-02-20,402.3343,6013.52,166.14,2.84
2026-02-19,398.7456,5847.38,164.66,2.9
2026-02-18,396.3674,5682.72,249.62,4.59
2026-02-13,393.2216,5433.1,113.73,2.14
2026-02-12,390.2944,5319.37,1.93,0.04
2026-02-11,388.7394,5317.44,70.97,1.35
2026-02-10,385.272,5246.47,-753.05,-12.55
2026-02-09,382.6318,5999.52,-159.44,-2.59
2026-02-06,381.1074,6158.96,708.52,13.0
2026-02-05,378.4582,5450.44,575.84,11.81
2026-02-04,375.0825,4874.6,456.37,10.33
2026-02-03,372.1057,4418.23,553.37,14.32
2026-02-02,370.2544,3864.86,266.15,7.4
2026-01-30,363.6623,3598.71,230.32,6.84
2026-01-29,0.0,3368.39,108.52,3.33
2026-01-28,361.4906,3259.87,-116.27,-3.44
2026-01-27,358.9247,3376.14,-151.95,-4.31
2026-01-26,355.5528,3528.09,-103.95,-2.86
2026-01-23,352.7063,3632.04,-141.59,-3.75
2026-01-22,349.9272,3773.63,-310.59,-7.6
2026-01-21,347.2631,4084.22,-352.69,-7.95
2026-01-20,344.5071,4436.91,-368.59,-7.67
2026-01-16,341.7425,4805.5,-436.52,-8.33
2026-01-15,339.1495,5242.02,-327.41,-5.88
2026-01-14,336.4596,5569.43,-239.15,-4.12
2026-01-13,330.3751,5808.58,-201.0,-3.34
2026-01-09,326.3894,6009.58,912.19,17.9
2026-01-08,321.0323,0.0,0.0,0.0
2026-01-07,0.0,4458.84,562.07,14.42
2026-01-06,0.0,3896.77,1299.09,50.01
2026-01-05,0.0,2597.68,366.87,16.45
2026-01-02,0.0,2230.81,148.55,7.13
2025-12-30,0.0,2082.26,113.24,5.75
2025-12-29,0.0,1969.02,363.29,22.62
2025-12-26,0.0,1605.73,50.9,3.27
2025-12-23,0.0,1554.83,6.05,0.39
2025-12-22,0.0,1548.78,-16.5,-1.05
2025-12-19,0.0,1565.28,74.69,5.01
2025-12-18,0.0,1490.59,40.02,2.76
2025-12-17,0.0,1450.57,-4.09,-0.28
2025-12-16,0.0,1454.66,-0.37,-0.03
2025-12-15,0.0,1455.03,-18.14,-1.23
2025-12-12,0.0,1473.17,-16.13,-1.08
2025-12-11,0.0,1489.3,-9.95,-0.66
2025-12-10,0.0,1499.25,11.65,0.78
2025-12-09,0.0,1487.6,-31.55,-2.08
2025-12-05,0.0,1519.15,-16.28,-1.06
2025-12-04,0.0,1535.43,-16.49,-1.06
2025-12-03,0.0,1551.92,32.31,2.13
2025-12-02,0.0,1519.61,-32.02,-2.06
2025-12-01,0.0,1551.63,-0.15,-0.01
2025-11-28,0.0,1551.78,-12.31,-0.79
2025-11-27,0.0,1564.09,13.67,0.88
2025-11-26,0.0,1550.42,-1.78,-0.11
2025-11-25,0.0,1552.2,-37.9,-2.38
2025-11-24,0.0,1552.2,-37.9,-2.38
2025-11-21,0.0,1590.1,-87.68,-5.23
2025-11-20,0.0,1677.78,78.17,4.89
2025-11-19,0.0,1599.61,-11.12,-0.69
2025-11-18,0.0,1610.73,-55.09,-3.31
2025-11-17,0.0,1665.82,-33.0,-1.94
2025-11-14,0.0,1698.82,8.7,0.51
2025-11-13,0.0,1690.12,75.93,4.7
2025-11-12,0.0,1614.19,20.3,1.27
2025-11-11,0.0,1593.89,-20.56,-1.27
2025-11-10,0.0,1614.45,11.64,0.73
2025-11-07,0.0,1602.81,-14.57,-0.9
2025-11-06,0.0,1617.38,-16.33,-1.0
2025-11-05,0.0,1633.71,27.0,1.68
2025-11-04,0.0,1606.71,11.05,0.69
2025-11-03,0.0,1595.66,-24.11,-1.49
2025-10-31,0.0,1619.77,19.35,1.21
2025-10-30,0.0,1600.42,-41.32,-2.52
2025-10-29,0.0,1641.74,-13.13,-0.79
2025-10-28,0.0,1654.87,1.46,0.09
2025-10-27,0.0,1653.41,22.05,1.35
2025-10-24,0.0,1631.36,22.44,1.39
2025-10-22,0.0,1473.2,8.19,0.56
2025-10-21,0.0,1465.01,-1.27,-0.09
2025-10-17,0.0,1466.28,50.24,3.55
2025-10-16,0.0,1416.04,96.67,7.33
2025-10-15,0.0,1319.37,118.67,9.88
2025-10-14,0.0,1200.7,32.32,2.77
2025-10-13,0.0,1168.38,33.22,2.93
2025-10-10,0.0,1135.16,28.52,2.58
2025-10-09,0.0,1106.64,14.37,1.32
2025-10-08,0.0,1092.27,-26.35,-2.36
2025-10-07,0.0,1118.62,16.59,1.51
2025-10-06,0.0,1102.03,-12.7,-1.14
2025-10-03,0.0,1114.73,56.16,5.31
2025-10-02,0.0,1058.57,5.05,0.48
2025-10-01,0.0,1053.52,-28.8,-2.66
2025-09-30,0.0,1082.32,-4.08,-0.38
2025-09-29,0.0,1086.4,3.71,0.34
2025-09-26,0.0,1082.69,30.44,2.89
2025-09-25,0.0,1052.25,14.07,1.36
2025-09-24,0.0,1038.18,73.49,7.62
2025-09-23,0.0,964.69,4.06,0.42
2025-09-22,0.0,960.63,-6.94,-0.72
2025-09-19,0.0,967.57,-4.16,-0.43
2025-09-18,0.0,971.73,-0.32,-0.03
2025-09-17,0.0,972.05,-15.57,-1.58
2025-09-16,0.0,987.62,-21.84,-2.16
2025-09-12,0.0,1009.46,2.91,0.29
2025-09-11,0.0,1006.55,-5.45,-0.54
2025-09-10,0.0,1012.0,8.34,0.83
2025-09-09,0.0,1003.66,-14.2,-1.4
2025-09-08,0.0,1017.86,25.08,2.53
2025-09-05,0.0,992.78,27.53,2.85
2025-09-04,0.0,965.25,68.86,7.68
2025-09-03,0.0,896.39,30.29,3.5
2025-09-02,0.0,866.1,49.8,6.1
2025-09-01,0.0,816.3,-6.87,-0.83
2025-08-29,0.0,823.17,1.52,0.18
2025-08-28,0.0,821.65,0.79,0.1
2025-08-27,0.0,820.86,9.49,1.17
2025-08-26,0.0,811.37,29.96,3.83
2025-08-25,0.0,781.41,24.92,3.29
2025-08-22,0.0,756.49,22.66,3.09
2025-08-21,0.0,733.83,23.87,3.36
2025-08-20,0.0,709.96,33.45,4.94
2025-08-19,0.0,676.51,31.69,4.91
2025-08-15,0.0,644.82,3.11,0.48
2025-08-14,0.0,641.71,11.64,1.85
2025-08-13,0.0,630.07,18.08,2.95
2025-08-12,0.0,611.99,0.2,0.03
2025-08-11,0.0,611.79,0.33,0.05
2025-08-08,0.0,611.46,52.61,9.41
2025-08-07,0.0,558.85,25.62,4.8
2025-08-06,0.0,533.23,2.8,0.53
2025-08-05,0.0,530.43,-4.14,-0.77
2025-08-04,0.0,534.57,1.42,0.27
2025-08-01,0.0,533.15,5.04,0.95
2025-07-31,0.0,528.11,-0.25,-0.05
2025-07-30,0.0,528.36,-10.57,-1.96
2025-07-29,0.0,538.93,4.34,0.81
2025-07-28,0.0,534.59,-17.14,-3.11
2025-07-25,0.0,532713.06,33351.75,6.68
2025-07-23,0.0,499361.31,4644.4,0.94
2025-07-22,0.0,494716.91,24825.22,5.28
2025-07-21,0.0,469891.69,27096.63,6.12
2025-07-18,0.0,442795.06,26857.12,6.46
2025-07-17,0.0,415937.94,17791.38,4.47
2025-07-16,0.0,398146.56,243.06,0.06
2025-07-15,0.0,397903.5,487.75,0.12
2025-07-14,0.0,397415.75,1328.81,0.34
2025-07-11,0.0,396086.94,-115.4,-0.03
2025-07-10,0.0,396202.34,3919.43,1.0
2025-07-09,0.0,392282.91,-3900.34,-0.98
2025-07-08,0.0,396183.25,6668.87,1.71
2025-07-07,0.0,389514.38,2989.29,0.77
2025-07-04,0.0,386525.09,6364.34,1.67
2025-07-03,0.0,380160.75,4550.19,1.21
2025-07-02,0.0,375610.56,-8377.66,-2.18
2025-07-01,0.0,383988.22,10916.34,2.93
2025-06-30,0.0,373071.88,2921.19,0.79
2025-06-27,0.0,370150.69,4071.28,1.11
2025-06-26,0.0,366079.41,-4025.56,-1.09
2025-06-25,0.0,370104.97,-667.94,-0.18
2025-06-20,0.0,370772.91,1255.5,0.34
2025-06-19,0.0,369517.41,5310.0,1.46
2025-06-18,0.0,364207.41,-3619.71,-0.98
2025-06-17,0.0,367827.12,12347.78,3.47
2025-06-13,0.0,355479.34,7724.62,2.22
2025-06-12,0.0,347754.72,-2444.28,-0.7
2025-06-11,0.0,350199.0,3880.31,1.12
2025-06-10,0.0,346318.69,3961.66,1.16
2025-06-09,0.0,342357.03,12209.34,3.7
2025-06-06,0.0,330147.69,8310.94,2.58
2025-06-05,0.0,321836.75,2803.75,0.88
2025-06-04,0.0,319033.0,12072.19,3.93
2025-06-03,0.0,306960.81,-3961.22,-1.27
2025-05-30,0.0,310922.03,-1010.53,-0.32
2025-05-29,0.0,311932.56,4217.84,1.37
2025-05-28,0.0,307714.72,1591.03,0.52
2025-05-27,0.0,306123.69,13876.03,4.75
2025-05-26,0.0,292247.66,-3125.31,-1.06
2025-05-23,0.0,295372.97,9576.06,3.35
2025-05-22,0.0,285796.91,8216.44,2.96
2025-05-21,0.0,277580.47,1799.5,0.65
2025-05-20,0.0,275780.97,1528.81,0.56
2025-05-19,0.0,274252.16,7859.75,2.95
2025-05-16,0.0,266392.41,18938.6,7.65
2025-05-15,0.0,247453.81,5828.48,2.41
2025-05-14,0.0,241625.33,3651.94,1.53
2025-05-13,0.0,237973.39,333.61,0.14
2025-05-12,0.0,237639.78,74.4,0.03
2025-05-09,0.0,237565.38,3168.21,1.35
2025-05-08,0.0,234397.17,2573.08,1.11
2025-05-07,0.0,231824.09,-4394.25,-1.86
2025-05-06,0.0,236218.34,4306.64,1.86
2025-05-05,0.0,231911.7,-3677.08,-1.56
2025-05-02,0.0,235588.78,-3873.91,-1.62
2025-04-30,0.0,239462.69,1314.1,0.55
2025-04-29,0.0,238148.59,-3751.24,-1.55
2025-04-28,0.0,241899.83,4161.49,1.75
2025-04-25,0.0,237738.34,16034.61,7.23
2025-04-24,0.0,221703.73,-4017.93,-1.78
2025-04-23,0.0,225721.66,796.04,0.35
2025-04-22,0.0,224925.62,-948.1,-0.42
2025-04-21,0.0,225873.72,-2266.75,-0.99
2025-04-16,0.0,228140.47,1047.77,0.46
2025-04-15,0.0,227092.7,986.47,0.44
2025-04-14,0.0,226106.23,-280.36,-0.12
2025-04-11,0.0,226386.59,-62.38,-0.03
2025-04-10,0.0,226448.97,-254.73,-0.11
2025-04-09,0.0,226703.7,268.5,0.12
2025-04-08,0.0,226435.2,1375.31,0.61
2025-04-07,0.0,225059.89,-5631.58,-2.44
2025-04-04,0.0,230691.47,886.31,0.39
2025-04-03,0.0,229805.16,-116.29,-0.05
2025-04-02,0.0,229921.45,-686.25,-0.3
2025-04-01,0.0,230607.7,-517.03,-0.22
2025-03-31,0.0,231124.73,-7008.04,-2.94
2025-03-28,0.0,238132.77,-502.26,-0.21
2025-03-27,0.0,238635.03,4767.69,2.04
2025-03-26,0.0,233867.34,25663.46,12.33
2025-03-25,0.0,208203.88,10707.13,5.42
2025-03-24,0.0,197496.75,3059.44,1.57
2025-03-21,0.0,194437.31,-669.85,-0.34
2025-03-20,0.0,195107.16,1239.49,0.64
2025-03-18,0.0,193867.67,4914.09,2.6
2025-03-17,0.0,188953.58,-567.9,-0.3
2025-03-14,0.0,189521.48,2053.18,1.1
2025-03-13,0.0,187468.3,3960.05,2.16
2025-03-12,0.0,183508.25,414.14,0.23
2025-03-11,0.0,183094.11,951.44,0.52
2025-03-10,0.0,182142.67,-1364.22,-0.74
2025-03-07,0.0,183506.89,-1884.8,-1.02
2025-03-06,0.0,185391.69,-3573.98,-1.89
2025-03-05,0.0,188965.67,-3890.24,-2.02
2025-02-28,0.0,192855.91,2788.89,1.47
2025-02-27,0.0,190067.02,-619.06,-0.32
2025-02-26,0.0,190686.08,369.91,0.19
2025-02-25,0.0,190316.17,8813.89,4.86
2025-02-24,0.0,181502.28,6841.31,3.92
2025-02-21,0.0,174660.97,7187.81,4.29
2025-02-20,0.0,167473.16,2023.61,1.22
2025-02-19,0.0,165449.55,810.13,0.49
2025-02-18,0.0,164639.42,-720.75,-0.44
2025-02-17,0.0,165360.17,2650.61,1.63
2025-02-14,0.0,162709.56,1065.72,0.66
2025-02-13,0.0,161643.84,6976.15,4.51
2025-02-12,0.0,154667.69,794.83,0.52
2025-02-11,0.0,153872.86,195.24,0.13
2025-02-10,0.0,153677.62,-1504.3,-0.97
2025-02-07,0.0,155181.92,-740.31,-0.47
2025-02-06,0.0,155922.23,-3016.08,-1.9
2025-02-05,0.0,158938.31,6158.01,4.03
2025-02-04,0.0,152780.3,6644.91,4.55
2025-02-03,0.0,146135.39,502.11,0.34
2025-01-31,0.0,145633.28,5901.0,4.22
2025-01-30,0.0,139732.28,3731.5,2.74
2025-01-29,0.0,136000.78,1551.72,1.15
2025-01-28,0.0,134449.06,363.67,0.27
2025-01-27,0.0,134085.39,-831.81,-0.62
2025-01-24,0.0,134917.2,822.09,0.61
2025-01-23,0.0,134095.11,1262.53,0.95
2025-01-22,0.0,132832.58,417.06,0.31
2025-01-21,0.0,132415.52,-112.78,-0.09
2025-01-20,0.0,132528.3,-1253.93,-0.94
2025-01-17,0.0,133782.23,-3235.08,-2.36
2025-01-16,0.0,137017.31,-4506.03,-3.18
2025-01-15,0.0,141523.34,-1420.1,-0.99
2025-01-14,0.0,142943.44,438.19,0.31
2025-01-10,0.0,142505.25,2501.52,1.79
2025-01-09,0.0,140003.73,11208.32,8.7
2025-01-08,0.0,128795.41,2222.29,1.76
2025-01-07,0.0,126573.12,1925.17,1.54
2025-01-03,0.0,124647.95,3351.0,2.76
2025-01-02,0.0,121296.95,1916.29,1.61
2024-12-30,0.0,119380.66,4278.33,3.72
2024-12-27,0.0,115102.33,541.95,0.47
2024-12-26,0.0,114560.38,-1027.09,-0.89
2024-12-23,0.0,115587.47,1242.6,1.09
2024-12-20,0.0,114344.87,1895.49,1.69
2024-12-19,0.0,112449.38,7823.43,7.48
2024-12-18,0.0,104625.95,795.33,0.77
2024-12-17,0.0,103830.62,1469.89,1.44
2024-12-16,0.0,102360.73,-699.93,-0.68
2024-12-13,0.0,103060.66,-68.86,-0.07
2024-12-12,0.0,103129.52,-1744.82,-1.66
2024-12-11,0.0,104874.34,49.33,0.05
2024-12-10,0.0,104825.01,-275.72,-0.26
2024-12-09,0.0,105100.73,-42.66,-0.04
2024-12-06,0.0,105143.39,-69.62,-0.07
2024-12-05,0.0,105213.01,-926.61,-0.87
2024-12-04,0.0,106139.62,-220.89,-0.21
2024-12-03,0.0,106360.51,-332.74,-0.31
2024-12-02,0.0,106693.25,-454.3,-0.42
2024-11-29,0.0,107147.55,-1390.26,-1.28
2024-11-28,0.0,108537.81,551.01,0.51
2024-11-27,0.0,107986.8,-1427.71,-1.3
2024-11-26,0.0,109414.51,-12.04,-0.01
2024-11-25,0.0,109426.55,3087.0,2.9
2024-11-22,0.0,106339.55,453.24,0.43
2024-11-21,0.0,105886.31,720.59,0.69
2024-11-20,0.0,105165.72,343.93,0.33
2024-11-19,0.0,104821.79,565.56,0.54
2024-11-15,0.0,104256.23,-398.06,-0.38
2024-11-14,0.0,104654.29,458.8,0.44
2024-11-13,0.0,104195.49,1749.4,1.71
2024-11-12,0.0,102446.09,2615.04,2.62
2024-11-11,0.0,99831.05,501.11,0.5
2024-11-08,0.0,99329.94,221.1,0.22
2024-11-07,0.0,99108.84,-62.16,-0.06
2024-11-06,0.0,99171.0,-277.9,-0.28
2024-11-05,0.0,99448.9,-284.37,-0.29
2024-11-01,0.0,99733.27,125.54,0.13
2024-10-31,0.0,99607.73,2121.64,2.18
2024-10-30,0.0,97486.09,207.79,0.21
2024-10-29,0.0,97278.3,-660.2,-0.67
2024-10-28,0.0,97938.5,-164.34,-0.17
2024-10-25,0.0,98102.84,2012.58,2.09
2024-10-24,0.0,96090.26,970.67,1.02
2024-10-23,0.0,95119.59,-1708.51,-1.76
2024-10-22,0.0,96828.1,-261.34,-0.27
2024-10-21,0.0,97089.44,1117.13,1.16
2024-10-18,0.0,95972.31,2147.36,2.29
2024-10-17,0.0,93824.95,787.04,0.85
2024-10-16,0.0,93037.91,-3.21,0.0
2024-10-15,0.0,93041.12,421.56,0.46
2024-10-14,0.0,92619.56,164.54,0.18
2024-10-11,0.0,92455.02,2075.93,2.3
2024-10-10,0.0,90379.09,86.21,0.1
2024-10-09,0.0,90292.88,538.56,0.6
2024-10-08,0.0,89754.32,-224.34,-0.25
2024-10-07,0.0,89978.66,1709.89,1.94
2024-10-04,0.0,88268.77,-559.38,-0.63
2024-10-03,0.0,88828.15,-554.13,-0.62
2024-10-02,0.0,89382.28,-809.81,-0.9
2024-10-01,0.0,90192.09,-1612.83,-1.76
2024-09-30,0.0,91804.92,-593.32,-0.64
2024-09-27,0.0,92398.24,-395.95,-0.43
2024-09-26,0.0,92794.19,-1205.87,-1.28
2024-09-25,0.0,88572.63,-6988.25,-7.31
2024-09-24,0.0,95560.88,-1347.56,-1.39
2024-09-23,0.0,96908.44,-260.59,-0.27
2024-09-20,0.0,97169.03,198.76,0.2
2024-09-19,0.0,96970.27,98.82,0.1
2024-09-18,0.0,96871.45,-657.6,-0.67
2024-09-17,0.0,97529.05,-33.68,-0.03
2024-09-13,0.0,97562.73,-234.28,-0.24
2024-09-12,0.0,97797.01,-870.72,-0.88
2024-09-11,0.0,98667.73,-245.33,-0.25
2024-09-10,0.0,98913.06,1772.5,1.82
2024-09-09,0.0,97140.56,1193.04,1.24
2024-09-06,0.0,95947.52,36.91,0.04
2024-09-05,0.0,95910.61,-681.52,-0.71
2024-09-04,0.0,96592.13,278.25,0.29
2024-09-03,0.0,96313.88,706.97,0.74
2024-09-02,0.0,95606.91,4074.84,4.45
2024-08-30,0.0,91532.07,0.0,0.0
2024-08-29,0.0,91532.07,-173.73,-0.19
2024-08-28,0.0,91705.8,-890.66,-0.96
2024-08-27,0.0,92596.46,-554.78,-0.6
2024-08-26,0.0,93151.24,-1595.38,-1.68
2024-08-23,0.0,94746.62,1654.57,1.78
2024-08-22,0.0,93092.05,73.39,0.08
2024-08-21,0.0,93018.66,3462.5,3.87
2024-08-20,0.0,89556.16,621.48,0.7
2024-08-16,0.0,88934.68,-253.6,-0.28
2024-08-15,0.0,89188.28,2133.06,2.45
2024-08-14,0.0,87055.22,-1239.76,-1.4
2024-08-13,0.0,88294.98,-1144.56,-1.28
2024-08-12,0.0,89439.54,-2208.72,-2.41
2024-08-09,0.0,91648.26,-1565.45,-1.68
2024-08-08,0.0,93213.71,835.35,0.9
2024-08-07,0.0,92378.36,38.18,0.04
2024-08-06,0.0,92340.18,-761.3,-0.82
2024-08-05,0.0,93101.48,-957.32,-1.02
2024-08-02,0.0,94058.8,1405.91,1.52
2024-08-01,0.0,92652.89,2462.15,2.73
2024-07-31,0.0,90190.74,90.26,0.1
2024-07-30,0.0,90100.48,1621.65,1.83
2024-07-29,0.0,88478.83,-765.5,-0.86
2024-07-26,0.0,89244.33,1397.08,1.59
2024-07-25,0.0,87847.25,1496.72,1.73
2024-07-23,0.0,86350.53,1536.27,1.81
2024-07-22,0.0,84814.26,-448.91,-0.53
2024-07-19,0.0,85263.17,880.98,1.04
2024-07-18,0.0,84382.19,-2466.4,-2.84
2024-07-17,0.0,86848.59,-1912.87,-2.16
2024-07-16,0.0,88761.46,-1379.36,-1.53
2024-07-15,0.0,90140.82,-582.68,-0.64
2024-07-12,0.0,90723.5,1919.21,2.16
2024-07-11,0.0,88804.29,484.35,0.55
2024-07-10,0.0,88319.94,724.67,0.83
2024-07-09,0.0,87595.27,-618.44,-0.7
2024-07-08,0.0,88213.71,-220.13,-0.25
2024-07-04,0.0,88433.84,-383.42,-0.43
2024-07-03,0.0,88817.26,2130.52,2.46
2024-07-02,0.0,86686.74,6230.9,7.74
2024-07-01,0.0,80455.84,1760.64,2.24
2024-06-28,0.0,78695.2,1273.48,1.64
2024-06-27,0.0,77421.72,-116.71,-0.15
2024-06-26,0.0,77538.43,455.27,0.59
2024-06-25,0.0,77083.16,619.82,0.81
2024-06-21,0.0,76463.34,118.87,0.16
2024-06-20,0.0,76344.47,-173.94,-0.23
2024-06-19,0.0,76518.41,501.19,0.66
2024-06-18,0.0,76017.22,412.88,0.55
2024-06-14,0.0,75604.34,1134.93,1.52
2024-06-13,0.0,74469.41,115.53,0.16
2024-06-12,0.0,74353.88,2327.19,3.23
2024-06-11,0.0,72026.69,-1215.19,-1.66
2024-06-10,0.0,73241.88,1671.72,2.34
2024-06-07,0.0,71570.16,485.25,0.68
2024-06-06,0.0,71084.91,829.11,1.18
2024-06-05,0.0,70255.8,772.89,1.11
2024-06-04,0.0,69482.91,272.72,0.39
2024-05-31,0.0,69210.19,529.7,0.77
2024-05-30,0.0,68680.49,1044.87,1.54
2024-05-29,0.0,67635.62,199.48,0.3
2024-05-28,0.0,67436.14,353.43,0.53
2024-05-27,0.0,67082.71,1330.62,2.02
2024-05-24,0.0,65752.09,944.94,1.46
2024-05-23,0.0,64807.15,-306.45,-0.47
2024-05-22,0.0,65113.6,1576.24,2.48
2024-05-21,0.0,63537.36,347.84,0.55
2024-05-20,0.0,63189.52,329.97,0.52
2024-05-17,0.0,62859.55,178.88,0.29
2024-05-16,0.0,62680.67,-38.69,-0.06
2024-05-15,0.0,62719.36,-227.61,-0.36
2024-05-14,0.0,62946.97,-315.08,-0.5
2024-05-10,0.0,63262.05,-688.02,-1.08
2024-05-09,0.0,63950.07,-177.83,-0.28
2024-05-08,0.0,64127.9,289.21,0.45
2024-05-07,0.0,63838.69,469.38,0.74
2024-05-06,0.0,63369.31,-1260.29,-1.95
2024-05-03,0.0,64629.6,279.12,0.43
2024-05-02,0.0,64350.48,1637.05,2.61
2024-04-30,0.0,62713.43,679.62,1.1
2024-04-29,0.0,62033.81,-403.05,-0.65
2024-04-26,0.0,62436.86,-468.53,-0.74
2024-04-25,0.0,62905.39,556.69,0.89
2024-04-24,0.0,62348.7,69.8,0.11
2024-04-23,0.0,62278.9,-1352.32,-2.13
2024-04-22,0.0,63631.22,-881.98,-1.37
2024-04-18,0.0,64513.2,-1503.05,-2.28
2024-04-17,0.0,66016.25,570.55,0.87
2024-04-16,0.0,65445.7,451.19,0.69
2024-04-15,0.0,64994.51,3755.31,6.13
2024-04-12,0.0,61239.2,691.28,1.14
2024-04-11,0.0,60547.92,-16.92,-0.03
2024-04-10,0.0,60564.84,1604.9,2.72
2024-04-09,0.0,58959.94,297.41,0.51
2024-04-08,0.0,58662.53,-321.31,-0.54
2024-04-05,0.0,58983.84,1228.93,2.13
2024-04-04,0.0,57754.91,158.98,0.28
2024-04-03,0.0,57595.93,-520.73,-0.9
2024-04-02,0.0,58116.66,443.67,0.77
2024-04-01,0.0,57672.99,2053.03,3.69
2024-03-27,0.0,55619.96,766.95,1.4
2024-03-26,0.0,54853.01,3419.75,6.65
2024-03-25,0.0,51433.26,530.87,1.04
2024-03-22,0.0,50902.39,-100.49,-0.2
2024-03-21,0.0,51002.88,-510.87,-0.99
2024-03-20,0.0,51513.75,-550.91,-1.06
2024-03-18,0.0,52064.66,-16.48,-0.03
2024-03-15,0.0,52081.14,-1508.11,-2.81
2024-03-14,0.0,53589.25,100.68,0.19
2024-03-13,0.0,53488.57,1294.79,2.48
2024-03-12,0.0,52193.78,690.08,1.34
2024-03-11,0.0,51503.7,1064.71,2.11
2024-03-08,0.0,50438.99,338.99,0.68
2024-03-07,0.0,50100.0,4.92,0.01
2024-03-06,0.0,50095.08,2096.97,4.37
2024-03-05,0.0,47998.11,-875.47,-1.79
2024-03-04,0.0,48873.58,-323.12,-0.66
2024-03-01,0.0,49196.7,-247.33,-0.5
2024-02-29,0.0,49444.03,196.13,0.4
2024-02-28,0.0,49247.9,-522.04,-1.05
2024-02-27,0.0,49769.94,308.35,0.62
2024-02-26,0.0,49461.59,-1346.28,-2.65
2024-02-23,0.0,50807.87,187.31,0.37
2024-02-22,0.0,50620.56,848.05,1.7
2024-02-21,0.0,49772.51,-1496.12,-2.92
2024-02-20,0.0,51268.63,-266.94,-0.52
2024-02-19,0.0,51535.57,-71.51,-0.14
2024-02-16,0.0,51607.08,-1506.93,-2.84
2024-02-15,0.0,53114.01,108.78,0.21
2024-02-14,0.0,53005.23,-314.88,-0.59
2024-02-09,0.0,53320.11,481.05,0.91
2024-02-08,0.0,52839.06,761.25,1.46
2024-02-07,0.0,52077.81,-1466.05,-2.74
2024-02-06,0.0,53543.86,-158.78,-0.3
2024-02-05,0.0,53702.64,-400.55,-0.74
2024-02-02,0.0,54103.19,849.9,1.6
2024-02-01,0.0,53253.29,-276.66,-0.52
2024-01-31,0.0,53529.95,-707.21,-1.3
2024-01-30,0.0,54237.16,97.14,0.18
2024-01-29,0.0,54140.02,-890.24,-1.62
2024-01-26,0.0,55030.26,-1811.22,-3.19
2024-01-25,0.0,56841.48,-697.93,-1.21
2024-01-24,0.0,57539.41,-440.52,-0.76
2024-01-23,0.0,57979.93,26.73,0.05
2024-01-22,0.0,57953.2,368.97,0.64
2024-01-19,0.0,57584.23,966.06,1.71
2024-01-18,0.0,56618.17,-172.4,-0.3
2024-01-17,0.0,56790.57,32.29,0.06
2024-01-16,0.0,56758.28,155.48,0.27
2024-01-15,0.0,56602.8,703.23,1.26
2024-01-12,0.0,55899.57,136.67,0.25
2024-01-11,0.0,55762.9,-379.35,-0.68
2024-01-10,0.0,56142.25,100.87,0.18
2024-01-09,0.0,56041.38,-713.9,-1.26
2024-01-08,0.0,56755.28,-409.13,-0.72
2024-01-05,0.0,57164.41,-361.39,-0.63
2024-01-04,0.0,57525.8,-533.69,-0.92
2024-01-03,0.0,58059.49,-229.33,-0.39
2024-01-02,0.0,58288.82,456.36,0.79
1230-25-20,0.0,451.0,0.0,0.0
1230-24-20,0.0,209.0,0.0,0.0
1229-25-20,0.0,450.0,0.0,0.0
1227-24-20,0.0,16.0,0.0,0.0
1226-25-20,0.0,160.0,0.0,0.0
1226-24-20,0.0,650.0,0.0,0.0
1223-25-20,0.0,422.0,0.0,0.0
1223-24-20,0.0,885.0,0.0,0.0
1222-25-20,0.0,421.0,0.0,0.0
1220-24-20,0.0,1915.0,0.0,0.0
1219-25-20,0.0,16996.0,0.0,0.0
1219-24-20,0.0,590.0,0.0,0.0
1218-25-20,0.0,16998.0,0.0,0.0
1218-24-20,0.0,550.0,0.0,0.0
1217-25-20,0.0,15999.0,0.0,0.0
1217-24-20,0.0,192.0,0.0,0.0
1216-25-20,0.0,155.0,0.0,0.0
1216-24-20,0.0,1915.0,0.0,0.0
1215-25-20,0.0,155.0,0.0,0.0
1213-24-20,0.0,1901.0,0.0,0.0
1212-25-20,0.0,160.0,0.0,0.0
1212-24-20,0.0,1925.0,0.0,0.0
1211-25-20,0.0,37499.0,0.0,0.0
1211-24-20,0.0,484.0,0.0,0.0
1210-25-20,0.0,160.0,0.0,0.0
1210-24-20,0.0,194.0,0.0,0.0
1209-25-20,0.0,160.0,0.0,0.0
1209-24-20,0.0,194.0,0.0,0.0
1206-24-20,0.0,485.0,0.0,0.0
1205-25-20,0.0,160.0,0.0,0.0
1205-24-20,0.0,485.0,0.0,0.0
1204-25-20,0.0,160.0,0.0,0.0
1204-24-20,0.0,490.0,0.0,0.0
1203-25-20,0.0,160.0,0.0,0.0
1203-24-20,0.0,22.0,0.0,0.0
1202-25-20,0.0,155.0,0.0,0.0
1202-24-20,0.0,197.0,0.0,0.0
1201-25-20,0.0,150.0,0.0,0.0
1129-24-20,0.0,197.0,0.0,0.0
1128-25-20,0.0,150.0,0.0,0.0
1128-24-20,0.0,1999.0,0.0,0.0
1127-25-20,0.0,150.0,0.0,0.0
1127-24-20,0.0,493.0,0.0,0.0
1126-25-20,0.0,132.0,0.0,0.0
1126-24-20,0.0,225.0,0.0,0.0
1125-25-20,0.0,1589.0,0.0,0.0
1125-24-20,0.0,493.0,0.0,0.0
1124-25-20,0.0,1589.0,0.0,0.0
1122-24-20,0.0,493.0,0.0,0.0
1121-25-20,0.0,1589.0,0.0,0.0
1121-24-20,0.0,1999.0,0.0,0.0
1120-25-20,0.0,1594.0,0.0,0.0
1120-24-20,0.0,494.0,0.0,0.0
1119-25-20,0.0,165.0,0.0,0.0
1119-24-20,0.0,496.0,0.0,0.0
1118-25-20,0.0,16445.0,0.0,0.0
1117-25-20,0.0,380.0,0.0,0.0
1115-24-20,0.0,500.0,0.0,0.0
1114-25-20,0.0,380.0,0.0,0.0
1114-24-20,0.0,500.0,0.0,0.0
1113-25-20,0.0,16349.0,0.0,0.0
1113-24-20,0.0,177.0,0.0,0.0
1112-25-20,0.0,1639.0,0.0,0.0
1112-24-20,0.0,18.0,0.0,0.0
1111-25-20,0.0,389.0,0.0,0.0
1111-24-20,0.0,21.0,0.0,0.0
1110-25-20,0.0,15299.0,0.0,0.0
1108-24-20,0.0,191.0,0.0,0.0
1107-25-20,0.0,148.0,0.0,0.0
1107-24-20,0.0,1845.0,0.0,0.0
1106-25-20,0.0,153.0,0.0,0.0
1106-24-20,0.0,500.0,0.0,0.0
1105-25-20,0.0,415.0,0.0,0.0
1105-24-20,0.0,2001.0,0.0,0.0
1104-25-20,0.0,14799.0,0.0,0.0
1103-25-20,0.0,15959.0,0.0,0.0
1101-24-20,0.0,550.0,0.0,0.0
1031-25-20,0.0,395.0,0.0,0.0
1031-24-20,0.0,2399.0,0.0,0.0
1030-25-20,0.0,390.0,0.0,0.0
1030-24-20,0.0,174.0,0.0,0.0
1029-25-20,0.0,390.0,0.0,0.0
1029-24-20,0.0,20.0,0.0,0.0
1028-25-20,0.0,390.0,0.0,0.0
1028-24-20,0.0,20.0,0.0,0.0
1027-25-20,0.0,3256.0,0.0,0.0
1025-24-20,0.0,185.0,0.0,0.0
1024-25-20,0.0,389999.0,0.0,0.0
1024-24-20,0.0,500.0,0.0,0.0
1023-24-20,0.0,228.0,0.0,0.0
1022-25-20,0.0,390.0,0.0,0.0
1022-24-20,0.0,228.0,0.0,0.0
1021-25-20,0.0,390.0,0.0,0.0
1021-24-20,0.0,19.0,0.0,0.0
1018-24-20,0.0,19.0,0.0,0.0
1017-25-20,0.0,4000.0,0.0,0.0
1017-24-20,0.0,19.0,0.0,0.0
1016-25-20,0.0,4400.0,0.0,0.0
1016-24-20,0.0,232.0,0.0,0.0
1015-25-20,0.0,410.0,0.0,0.0
1015-24-20,0.0,189.0,0.0,0.0
1014-25-20,0.0,370.0,0.0,0.0
1014-24-20,0.0,189.0,0.0,0.0
1013-25-20,0.0,390.0,0.0,0.0
1011-24-20,0.0,189.0,0.0,0.0
1010-25-20,0.0,390.0,0.0,0.0
1010-24-20,0.0,365.0,0.0,0.0
1009-25-20,0.0,4000.0,0.0,0.0
1009-24-20,0.0,365.0,0.0,0.0
1008-25-20,0.0,380.0,0.0,0.0
1008-24-20,0.0,365.0,0.0,0.0
1007-25-20,0.0,3750.0,0.0,0.0
1007-24-20,0.0,550.0,0.0,0.0
1006-25-20,0.0,394.0,0.0,0.0
1004-24-20,0.0,2299.0,0.0,0.0
1003-25-20,0.0,3165.0,0.0,0.0
1003-24-20,0.0,45.0,0.0,0.0
1002-25-20,0.0,263999.0,0.0,0.0
1002-24-20,0.0,45.0,0.0,0.0
1001-25-20,0.0,263999.0,0.0,0.0
1001-24-20,0.0,45.0,0.0,0.0
0930-25-20,0.0,329.0,0.0,0.0
0930-24-20,0.0,1965.0,0.0,0.0
0929-25-20,0.0,263999.0,0.0,0.0
0927-24-20,0.0,550.0,0.0,0.0
0926-25-20,0.0,918.0,0.0,0.0
0926-24-20,0.0,550.0,0.0,0.0
0925-25-20,0.0,329.0,0.0,0.0
0925-24-20,0.0,11.0,0.0,0.0
0924-25-20,0.0,2200.0,0.0,0.0
0924-24-20,0.0,2498.0,0.0,0.0
0923-25-20,0.0,300.0,0.0,0.0
0923-24-20,0.0,550.0,0.0,0.0
0922-25-20,0.0,22415.0,0.0,0.0
0920-24-20,0.0,1979.0,0.0,0.0
0919-25-20,0.0,327.0,0.0,0.0
0919-24-20,0.0,589.0,0.0,0.0
0918-25-20,0.0,330.0,0.0,0.0
0918-24-20,0.0,1999.0,0.0,0.0
0917-25-20,0.0,330.0,0.0,0.0
0917-24-20,0.0,248.0,0.0,0.0
0916-25-20,0.0,280.0,0.0,0.0
0913-24-20,0.0,20.0,0.0,0.0
0912-25-20,0.0,290.0,0.0,0.0
0912-24-20,0.0,26.0,0.0,0.0
0911-25-20,0.0,1430.0,0.0,0.0
0911-24-20,0.0,99.0,0.0,0.0
0910-25-20,0.0,1200.0,0.0,0.0
0910-24-20,0.0,595.0,0.0,0.0
0909-25-20,0.0,1200.0,0.0,0.0
0909-24-20,0.0,597.0,0.0,0.0
0908-25-20,0.0,215.0,0.0,0.0
0906-24-20,0.0,20.0,0.0,0.0
0905-25-20,0.0,1799.0,0.0,0.0
0905-24-20,0.0,597.0,0.0,0.0
0904-25-20,0.0,150.0,0.0,0.0
0904-24-20,0.0,20.0,0.0,0.0
0903-25-20,0.0,125.0,0.0,0.0
0903-24-20,0.0,1994.0,0.0,0.0
0902-25-20,0.0,117.0,0.0,0.0
0902-24-20,0.0,1975.0,0.0,0.0
0901-25-20,0.0,117.0,0.0,0.0
0830-24-20,0.0,2224.0,0.0,0.0
0829-25-20,0.0,889.0,0.0,0.0
0829-24-20,0.0,24.0,0.0,0.0
0828-25-20,0.0,1000.0,0.0,0.0
0828-24-20,0.0,600.0,0.0,0.0
0827-25-20,0.0,105.0,0.0,0.0
0827-24-20,0.0,1994.0,0.0,0.0
0826-25-20,0.0,1099.0,0.0,0.0
0826-24-20,0.0,1994.0,0.0,0.0
0825-25-20,0.0,103.0,0.0,0.0
0823-24-20,0.0,1994.0,0.0,0.0
0822-25-20,0.0,89.0,0.0,0.0
0822-24-20,0.0,1994.0,0.0,0.0
0821-25-20,0.0,69.0,0.0,0.0
0821-24-20,0.0,199.0,0.0,0.0
0820-25-20,0.0,985.0,0.0,0.0
0820-24-20,0.0,1999.0,0.0,0.0
0819-25-20,0.0,745.0,0.0,0.0
0816-24-20,0.0,47.0,0.0,0.0
0815-25-20,0.0,65.0,0.0,0.0
0815-24-20,0.0,620.0,0.0,0.0
0814-25-20,0.0,65.0,0.0,0.0
0814-24-20,0.0,620.0,0.0,0.0
0813-25-20,0.0,61.0,0.0,0.0
0813-24-20,0.0,199.0,0.0,0.0
0812-25-20,0.0,61.0,0.0,0.0
0812-24-20,0.0,247.0,0.0,0.0
0811-25-20,0.0,52.0,0.0,0.0
0809-24-20,0.0,247.0,0.0,0.0
0808-25-20,0.0,52.0,0.0,0.0
0808-24-20,0.0,49.0,0.0,0.0
0807-25-20,0.0,745.0,0.0,0.0
0807-24-20,0.0,50.0,0.0,0.0
0806-25-20,0.0,50.0,0.0,0.0
0806-24-20,0.0,651.0,0.0,0.0
0805-25-20,0.0,505.0,0.0,0.0
0805-24-20,0.0,50.0,0.0,0.0
0804-25-20,0.0,5475.0,0.0,0.0
0802-24-20,0.0,650.0,0.0,0.0
0801-25-20,0.0,686.0,0.0,0.0
0801-24-20,0.0,25.0,0.0,0.0
0731-25-20,0.0,51.0,0.0,0.0
0731-24-20,0.0,1999.0,0.0,0.0
0730-25-20,0.0,51.0,0.0,0.0
0730-24-20,0.0,1275.0,0.0,0.0
0729-25-20,0.0,60.0,0.0,0.0
0729-24-20,0.0,10.0,0.0,0.0
0728-25-20,0.0,686.0,0.0,0.0
0726-24-20,0.0,45.0,0.0,0.0
0725-25-20,0.0,45.0,0.0,0.0
0725-24-20,0.0,45.0,0.0,0.0
0723-25-20,0.0,28.0,0.0,0.0
0723-24-20,0.0,79997.0,0.0,0.0
0722-25-20,0.0,45.0,0.0,0.0
0722-24-20,0.0,1999.0,0.0,0.0
0721-25-20,0.0,573.0,0.0,0.0
0719-24-20,0.0,747.0,0.0,0.0
0718-25-20,0.0,478.0,0.0,0.0
0718-24-20,0.0,45.0,0.0,0.0
0717-25-20,0.0,4095.0,0.0,0.0
0717-24-20,0.0,42.0,0.0,0.0
0716-25-20,0.0,478.0,0.0,0.0
0716-24-20,0.0,415.0,0.0,0.0
0715-25-20,0.0,4095.0,0.0,0.0
0715-24-20,0.0,35.0,0.0,0.0
0714-25-20,0.0,4095.0,0.0,0.0
0712-24-20,0.0,34.0,0.0,0.0
0711-25-20,0.0,47699.0,0.0,0.0
0711-24-20,0.0,335.0,0.0,0.0
0710-25-20,0.0,3551.0,0.0,0.0
0710-24-20,0.0,1799.0,0.0,0.0
0709-25-20,0.0,3551.0,0.0,0.0
0709-24-20,0.0,28.0,0.0,0.0
0708-25-20,0.0,477.0,0.0,0.0
0708-24-20,0.0,715.0,0.0,0.0
0707-25-20,0.0,477.0,0.0,0.0
0704-25-20,0.0,477.0,0.0,0.0
0704-24-20,0.0,23.0,0.0,0.0
0703-25-20,0.0,480.0,0.0,0.0
0703-24-20,0.0,715.0,0.0,0.0
0702-25-20,0.0,480.0,0.0,0.0
0702-24-20,0.0,18.0,0.0,0.0
0701-25-20,0.0,480.0,0.0,0.0
0701-24-20,0.0,1789.0,0.0,0.0
0630-25-20,0.0,87.0,0.0,0.0
0628-24-20,0.0,18.0,0.0,0.0
0627-25-20,0.0,480.0,0.0,0.0
0627-24-20,0.0,162.0,0.0,0.0
0626-25-20,0.0,479.0,0.0,0.0
0626-24-20,0.0,163.0,0.0,0.0
0625-25-20,0.0,419.0,0.0,0.0
0625-24-20,0.0,1635.0,0.0,0.0
0621-24-20,0.0,680.0,0.0,0.0
0620-25-20,0.0,40.0,0.0,0.0
0620-24-20,0.0,179.0,0.0,0.0
0619-25-20,0.0,39.0,0.0,0.0
0619-24-20,0.0,1786.0,0.0,0.0
0618-25-20,0.0,54.0,0.0,0.0
0618-24-20,0.0,600.0,0.0,0.0
0617-25-20,0.0,39.0,0.0,0.0
0614-24-20,0.0,650.0,0.0,0.0
0613-25-20,0.0,40.0,0.0,0.0
0613-24-20,0.0,1615.0,0.0,0.0
0612-25-20,0.0,479.0,0.0,0.0
0612-24-20,0.0,179.0,0.0,0.0
0611-25-20,0.0,39.0,0.0,0.0
0611-24-20,0.0,10.0,0.0,0.0
0610-25-20,0.0,39.0,0.0,0.0
0610-24-20,0.0,179.0,0.0,0.0
0609-25-20,0.0,3899.0,0.0,0.0
0607-24-20,0.0,15.0,0.0,0.0
0606-25-20,0.0,37.0,0.0,0.0
0606-24-20,0.0,7.0,0.0,0.0
0605-25-20,0.0,3755.0,0.0,0.0
0605-24-20,0.0,7.0,0.0,0.0
0604-25-20,0.0,37.0,0.0,0.0
0604-24-20,0.0,76799.0,0.0,0.0
0603-25-20,0.0,385.0,0.0,0.0
0531-24-20,0.0,640.0,0.0,0.0
0530-25-20,0.0,385.0,0.0,0.0
0530-24-20,0.0,65.0,0.0,0.0
0529-25-20,0.0,39.0,0.0,0.0
0529-24-20,0.0,65.0,0.0,0.0
0528-25-20,0.0,490.0,0.0,0.0
0528-24-20,0.0,15.0,0.0,0.0
0527-25-20,0.0,37.0,0.0,0.0
0527-24-20,0.0,1325.0,0.0,0.0
0526-25-20,0.0,138.0,0.0,0.0
0524-24-20,0.0,16.0,0.0,0.0
0523-25-20,0.0,36.0,0.0,0.0
0523-24-20,0.0,161.0,0.0,0.0
0522-25-20,0.0,30.0,0.0,0.0
0522-24-20,0.0,1799.0,0.0,0.0
0521-25-20,0.0,490.0,0.0,0.0
0521-24-20,0.0,18.0,0.0,0.0
0520-25-20,0.0,30.0,0.0,0.0
0520-24-20,0.0,553.0,0.0,0.0
0519-25-20,0.0,30.0,0.0,0.0
0517-24-20,0.0,1125.0,0.0,0.0
0516-25-20,0.0,30.0,0.0,0.0
0516-24-20,0.0,9.0,0.0,0.0
0515-25-20,0.0,430.0,0.0,0.0
0515-24-20,0.0,17.0,0.0,0.0
0514-25-20,0.0,450.0,0.0,0.0
0514-24-20,0.0,1729.0,0.0,0.0
0513-25-20,0.0,30.0,0.0,0.0
0512-25-20,0.0,2999.0,0.0,0.0
0510-24-20,0.0,695.0,0.0,0.0
0509-25-20,0.0,4239.0,0.0,0.0
0509-24-20,0.0,1725.0,0.0,0.0
0508-25-20,0.0,516.0,0.0,0.0
0508-24-20,0.0,700.0,0.0,0.0
0507-25-20,0.0,315.0,0.0,0.0
0507-24-20,0.0,1125.0,0.0,0.0
0506-25-20,0.0,30.0,0.0,0.0
0506-24-20,0.0,1664.0,0.0,0.0
0505-25-20,0.0,30.0,0.0,0.0
0503-24-20,0.0,700.0,0.0,0.0
0502-25-20,0.0,30.0,0.0,0.0
0502-24-20,0.0,740.0,0.0,0.0
0430-25-20,0.0,520.0,0.0,0.0
0430-24-20,0.0,17.0,0.0,0.0
0429-25-20,0.0,570.0,0.0,0.0
0429-24-20,0.0,1664.0,0.0,0.0
0428-25-20,0.0,27.0,0.0,0.0
0426-24-20,0.0,94.0,0.0,0.0
0425-25-20,0.0,530.0,0.0,0.0
0425-24-20,0.0,185.0,0.0,0.0
0424-25-20,0.0,31.0,0.0,0.0
0424-24-20,0.0,1598.0,0.0,0.0
0423-25-20,0.0,27.0,0.0,0.0
0423-24-20,0.0,745.0,0.0,0.0
0422-25-20,0.0,530.0,0.0,0.0
0422-24-20,0.0,745.0,0.0,0.0
0421-25-20,0.0,27.0,0.0,0.0
0418-24-20,0.0,1665.0,0.0,0.0
0417-24-20,0.0,94.0,0.0,0.0
0416-25-20,0.0,27.0,0.0,0.0
0416-24-20,0.0,1665.0,0.0,0.0
0415-25-20,0.0,27.0,0.0,0.0
0415-24-20,0.0,1665.0,0.0,0.0
0414-25-20,0.0,33.0,0.0,0.0
0412-24-20,0.0,1665.0,0.0,0.0
0411-25-20,0.0,27.0,0.0,0.0
0411-24-20,0.0,155.0,0.0,0.0
0410-25-20,0.0,443.0,0.0,0.0
0410-24-20,0.0,167.0,0.0,0.0
0409-25-20,0.0,54998.0,0.0,0.0
0409-24-20,0.0,860.0,0.0,0.0
0408-25-20,0.0,325.0,0.0,0.0
0408-24-20,0.0,94.0,0.0,0.0
0407-25-20,0.0,500.0,0.0,0.0
0405-24-20,0.0,94.0,0.0,0.0
0404-25-20,0.0,31.0,0.0,0.0
0404-24-20,0.0,94.0,0.0,0.0
0403-25-20,0.0,470.0,0.0,0.0
0403-24-20,0.0,1675.0,0.0,0.0
0402-25-20,0.0,470.0,0.0,0.0
0402-24-20,0.0,1062.0,0.0,0.0
0401-25-20,0.0,3298.0,0.0,0.0
0401-24-20,0.0,1675.0,0.0,0.0
0331-25-20,0.0,470.0,0.0,0.0
0328-25-20,0.0,3435.0,0.0,0.0
0327-25-20,0.0,344.0,0.0,0.0
0327-24-20,0.0,15.0,0.0,0.0
0326-25-20,0.0,470.0,0.0,0.0
0326-24-20,0.0,14.0,0.0,0.0
0325-25-20,0.0,2295.0,0.0,0.0
0325-24-20,0.0,730.0,0.0,0.0
0324-25-20,0.0,441.0,0.0,0.0
0322-24-20,0.0,610.0,0.0,0.0
0321-25-20,0.0,2295.0,0.0,0.0
0321-24-20,0.0,610.0,0.0,0.0
0320-25-20,0.0,417.0,0.0,0.0
0320-24-20,0.0,159.0,0.0,0.0
0318-25-20,0.0,229.0,0.0,0.0
0318-24-20,0.0,159.0,0.0,0.0
0317-25-20,0.0,420.0,0.0,0.0
0315-24-20,0.0,15.0,0.0,0.0
0314-25-20,0.0,460.0,0.0,0.0
0314-24-20,0.0,15.0,0.0,0.0
0313-25-20,0.0,420.0,0.0,0.0
0313-24-20,0.0,1618.0,0.0,0.0
0312-25-20,0.0,2285.0,0.0,0.0
0312-24-20,0.0,1618.0,0.0,0.0
0311-25-20,0.0,420.0,0.0,0.0
0311-24-20,0.0,10.0,0.0,0.0
0310-25-20,0.0,420.0,0.0,0.0
0308-24-20,0.0,1475.0,0.0,0.0
0307-25-20,0.0,411.0,0.0,0.0
0307-24-20,0.0,1565.0,0.0,0.0
0306-25-20,0.0,25.0,0.0,0.0
0306-24-20,0.0,610.0,0.0,0.0
0305-25-20,0.0,555.0,0.0,0.0
0305-24-20,0.0,1615.0,0.0,0.0
0304-24-20,0.0,79.0,0.0,0.0
0301-24-20,0.0,1575.0,0.0,0.0
0229-24-20,0.0,615.0,0.0,0.0
0228-25-20,0.0,685.0,0.0,0.0
0228-24-20,0.0,630.0,0.0,0.0
0227-25-20,0.0,25.0,0.0,0.0
0227-24-20,0.0,15.0,0.0,0.0
0226-25-20,0.0,259.0,0.0,0.0
0226-24-20,0.0,167.0,0.0,0.0
0225-25-20,0.0,3355.0,0.0,0.0
0224-25-20,0.0,688.0,0.0,0.0
0223-24-20,0.0,15.0,0.0,0.0
0222-24-20,0.0,155.0,0.0,0.0
0221-25-20,0.0,235.0,0.0,0.0
0221-24-20,0.0,15.0,0.0,0.0
0220-25-20,0.0,23.0,0.0,0.0
0220-24-20,0.0,15.0,0.0,0.0
0219-25-20,0.0,730.0,0.0,0.0
0219-24-20,0.0,164.0,0.0,0.0
0218-25-20,0.0,2717.0,0.0,0.0
0217-25-20,0.0,185.0,0.0,0.0
0216-24-20,0.0,164.0,0.0,0.0
0215-24-20,0.0,1645.0,0.0,0.0
0214-25-20,0.0,2695.0,0.0,0.0
0214-24-20,0.0,799.0,0.0,0.0
0213-25-20,0.0,18.0,0.0,0.0
0212-25-20,0.0,18.0,0.0,0.0
0211-25-20,0.0,25.0,0.0,0.0
0210-25-20,0.0,18.0,0.0,0.0
0209-24-20,0.0,799.0,0.0,0.0
0208-24-20,0.0,168.0,0.0,0.0
0207-25-20,0.0,25.0,0.0,0.0
0207-24-20,0.0,1699.0,0.0,0.0
0206-25-20,0.0,1635.0,0.0,0.0
0206-24-20,0.0,1715.0,0.0,0.0
0205-25-20,0.0,1635.0,0.0,0.0
0205-24-20,0.0,1615.0,0.0,0.0
0204-26-20,0.0,900.0,0.0,0.0
0204-25-20,0.0,164.0,0.0,0.0
0203-25-20,0.0,780.0,0.0,0.0
0202-24-20,0.0,16.0,0.0,0.0
0201-24-20,0.0,82.0,0.0,0.0
0131-25-20,0.0,27.0,0.0,0.0
0131-24-20,0.0,15.0,0.0,0.0
0130-26-20,0.0,903.0,0.0,0.0
0130-25-20,0.0,780.0,0.0,0.0
0130-24-20,0.0,14.0,0.0,0.0
0129-26-20,0.0,312.0,0.0,0.0
0129-25-20,0.0,27.0,0.0,0.0
0129-24-20,0.0,14.0,0.0,0.0
0128-26-20,0.0,903.0,0.0,0.0
0128-25-20,0.0,2734.0,0.0,0.0
0127-26-20,0.0,99998.0,0.0,0.0
0127-25-20,0.0,165.0,0.0,0.0
0126-26-20,0.0,99998.0,0.0,0.0
0126-24-20,0.0,155.0,0.0,0.0
0125-24-20,0.0,689.0,0.0,0.0
0124-25-20,0.0,26.0,0.0,0.0
0124-24-20,0.0,650.0,0.0,0.0
0123-26-20,0.0,320.0,0.0,0.0
0123-25-20,0.0,26.0,0.0,0.0
0123-24-20,0.0,142.0,0.0,0.0
0122-26-20,0.0,99998.0,0.0,0.0
0122-25-20,0.0,2499.0,0.0,0.0
0122-24-20,0.0,68.0,0.0,0.0
0121-26-20,0.0,392.0,0.0,0.0
0121-25-20,0.0,2499.0,0.0,0.0
0120-26-20,0.0,410.0,0.0,0.0
0120-25-20,0.0,27.0,0.0,0.0
0119-24-20,0.0,562.0,0.0,0.0
0118-24-20,0.0,689.0,0.0,0.0
0117-25-20,0.0,800.0,0.0,0.0
0117-24-20,0.0,15.0,0.0,0.0
0116-26-20,0.0,449.0,0.0,0.0
0116-25-20,0.0,800.0,0.0,0.0
0116-24-20,0.0,698.0,0.0,0.0
0115-26-20,0.0,1050.0,0.0,0.0
0115-25-20,0.0,2732.0,0.0,0.0
0115-24-20,0.0,16.0,0.0,0.0
0114-26-20,0.0,450.0,0.0,0.0
0114-25-20,0.0,25.0,0.0,0.0
0113-26-20,0.0,10259.0,0.0,0.0
0112-24-20,0.0,15.0,0.0,0.0
0111-24-20,0.0,1868.0,0.0,0.0
0110-25-20,0.0,700.0,0.0,0.0
0110-24-20,0.0,18.0,0.0,0.0
0109-26-20,0.0,375.0,0.0,0.0
0109-25-20,0.0,2735.0,0.0,0.0
0109-24-20,0.0,14.0,0.0,0.0
0108-26-20,0.0,330.0,0.0,0.0
0108-25-20,0.0,17.0,0.0,0.0
0108-24-20,0.0,28.0,0.0,0.0
0107-26-20,0.0,715.0,0.0,0.0
0107-25-20,0.0,700.0,0.0,0.0
0106-26-20,0.0,599.0,0.0,0.0
0105-26-20,0.0,590.0,0.0,0.0
0105-24-20,0.0,1621.0,0.0,0.0
0104-24-20,0.0,79.0,0.0,0.0
0103-25-20,0.0,16.0,0.0,0.0
0103-24-20,0.0,1621.0,0.0,0.0
0102-26-20,0.0,495.0,0.0,0.0
0102-25-20,0.0,16.0,0.0,0.0
0102-24-20,0.0,8.0,0.0,0.0
